eval_index,parego_mean_hv,parego_raw_std_hv,parego_plot_band,parego_lower,parego_upper,llmbo_mo_mean_hv,llmbo_mo_raw_std_hv,llmbo_mo_plot_band,llmbo_mo_lower,llmbo_mo_upper
1,0.5662571568010829,0.16815489307003711,0.16815489307003711,0.3981022637310458,0.73441204987112,1.119773351508191,0.0,0.0,1.119773351508191,1.119773351508191
2,0.8603168108005818,0.18379454037576917,0.18379454037576917,0.6765222704248126,1.044111351176351,1.119773351508191,0.0,0.0,1.119773351508191,1.119773351508191
3,0.9958378621315,0.10372428985876829,0.10372428985876829,0.8921135722727318,1.0995621519902683,1.119773351508191,0.0,0.0,1.119773351508191,1.119773351508191
4,0.9986682463407931,0.10368446084279762,0.10368446084279762,0.8949837854979955,1.1023527071835908,1.1238773754258742,0.005324875184224163,0.005324875184224163,1.11855250024165,1.1292022506100983
5,0.9998775397621117,0.10383112724665888,0.10383112724665888,0.8960464125154528,1.1037086670087706,1.1514769785876022,0.04218612289874389,0.04218612289874389,1.1092908556888583,1.1936631014863461
6,1.0208401451253548,0.07000361095874737,0.07000361095874737,0.9508365341666074,1.0908437560841022,1.1555128483517072,0.043859845205792065,0.043859845205792065,1.111653003145915,1.1993726935574993
7,1.0520004366467783,0.10151521979853162,0.10151521979853162,0.9504852168482467,1.15351565644531,1.1840761297516353,0.05974742301174431,0.05974742301174431,1.124328706739891,1.2438235527633796
8,1.0532149379517848,0.10219867710623037,0.10219867710623037,0.9510162608455544,1.1554136150580152,1.2255700052312326,0.11959756857857118,0.11959756857857118,1.1059724366526615,1.3451675738098037
9,1.0553677692465402,0.10508921700237378,0.10508921700237378,0.9502785522441664,1.160456986248914,1.3077707955262634,0.10812413815786538,0.10812413815786538,1.199646657368398,1.4158949336841289
10,1.158362505653805,0.22326724800442127,0.22326724800442127,0.9350952576493836,1.3816297536582263,1.3742469770345793,0.2172892243457655,0.2172892243457655,1.1569577526888137,1.591536201380345
11,1.1663872760167235,0.21476931273187455,0.21476931273187455,0.9516179632848489,1.3811565887485981,1.383274918737603,0.23252499797565832,0.23252499797565832,1.1507499207619447,1.6157999167132613
12,1.169441121314064,0.2140215787963559,0.2140215787963559,0.9554195425177082,1.38346270011042,1.3833255517793774,0.2324872641008407,0.2324872641008407,1.1508382876785368,1.615812815880218
13,1.170002876303746,0.21404226933314122,0.21404226933314122,0.9559606069706048,1.3840451456368872,1.391194282068191,0.22966332098803488,0.22966332098803488,1.1615309610801563,1.6208576030562258
14,1.2922843010769,0.2153820936639774,0.2153820936639774,1.0769022074129226,1.5076663947408775,1.4358435940825074,0.2276174349819642,0.2276174349819642,1.2082261591005432,1.6634610290644716
15,1.2947749892845883,0.21803436492645914,0.21803436492645914,1.0767406243581292,1.5128093542110475,1.4396090722835908,0.23167118237337112,0.23167118237337112,1.2079378899102198,1.6712802546569618
16,1.2966897108176678,0.22039186532176722,0.22039186532176722,1.0762978454959007,1.517081576139435,1.440257810443305,0.231336658768228,0.231336658768228,1.208921151675077,1.671594469211533
17,1.3410816232742038,0.18452674440556482,0.18452674440556482,1.156554878868639,1.5256083676797685,1.5327141152718327,0.2508357588565212,0.2508357588565212,1.2818783564153113,1.783549874128354
18,1.3714854791383622,0.17441171296168165,0.17441171296168165,1.1970737661766806,1.5458971921000437,1.6003066082569954,0.2781486465781569,0.2781486465781569,1.3221579616788386,1.8784552548351523
19,1.3728145818531963,0.17327014017814088,0.17327014017814088,1.1995444416750554,1.5460847220313372,1.602147020483099,0.27949017590504666,0.27949017590504666,1.3226568445780522,1.8816371963881457
20,1.3749238444476624,0.17328274329820056,0.17328274329820056,1.2016411011494619,1.5482065877458628,1.6454269807339024,0.21719211307779848,0.21719211307779848,1.4282348676561039,1.8626190938117009
21,1.3766015860237857,0.17480458349408903,0.17480458349408903,1.2017970025296967,1.5514061695178747,1.647976241108168,0.2175787833970714,0.2175787833970714,1.4303974577110965,1.8655550245052395
22,1.3773534069056703,0.17511736278553644,0.17511736278553644,1.2022360441201339,1.5524707696912068,1.6490197146514103,0.21812296238373524,0.21812296238373524,1.430896752267675,1.8671426770351456
23,1.4149816817983611,0.18825900123009687,0.18825900123009687,1.2267226805682643,1.603240683028458,1.7590884413249754,0.17802447081387532,0.17802447081387532,1.5810639705111,1.9371129121388508
24,1.4157279864238004,0.18834179785227434,0.18834179785227434,1.227386188571526,1.6040697842760747,1.7595697598775104,0.17826532009069157,0.17826532009069157,1.5813044397868188,1.937835079968202
25,1.4171056804270408,0.1892457503699038,0.1892457503699038,1.227859930057137,1.6063514307969446,1.759898557359137,0.17808903625460118,0.17808903625460118,1.5818095211045358,1.9379875936137383
26,1.4187501653916217,0.19049330294117717,0.19049330294117717,1.2282568624504444,1.609243468332799,1.7604750023818916,0.1781732954517094,0.1781732954517094,1.5823017069301821,1.938648297833601
27,1.4196871153534434,0.190778370511126,0.190778370511126,1.2289087448423173,1.6104654858645695,1.7923072444062265,0.11603130554012893,0.11603130554012893,1.6762759388660975,1.9083385499463554
28,1.4212859406080773,0.19189800354807784,0.19189800354807784,1.2293879370599994,1.6131839441561553,1.792318095416763,0.11603594155027296,0.11603594155027296,1.67628215386649,1.908354036967036
29,1.4438205951184262,0.1803753854474436,0.1803753854474436,1.2634452096709825,1.62419598056587,1.8527592648133662,0.009646010943476611,0.009646010943476611,1.8431132538698896,1.8624052757568428
30,1.4442721597549206,0.1802740799438851,0.1802740799438851,1.2639980798110355,1.6245462396988057,1.8529409106754362,0.009432447077352536,0.009432447077352536,1.8435084635980836,1.8623733577527888
31,1.4856585249080614,0.11015180113218027,0.11015180113218027,1.3755067237758811,1.5958103260402416,1.8529435980155462,0.009431116042340855,0.009431116042340855,1.8435124819732054,1.862374714057887
32,1.4857212933220407,0.11012900995266743,0.11012900995266743,1.3755922833693732,1.5958503032747082,1.853199567915016,0.00935165386521949,0.00935165386521949,1.8438479140497965,1.8625512217802354
33,1.4867571282100163,0.10941411105524126,0.10941411105524126,1.377343017154775,1.5961712392652576,1.85434225604251,0.009108673219240788,0.009108673219240788,1.8452335828232693,1.8634509292617507
34,1.4871517623339279,0.10976010932776839,0.10976010932776839,1.3773916530061594,1.5969118716616963,1.854436972227441,0.009166909490925844,0.009166909490925844,1.845270062736515,1.8636038817183669
35,1.4942782578830385,0.11551966568946015,0.11551966568946015,1.3787585921935783,1.6097979235724986,1.8558248671999216,0.007887999484846043,0.007887999484846043,1.8479368677150756,1.8637128666847675
36,1.4943424105324756,0.1155618590823411,0.1155618590823411,1.3787805514501346,1.6099042696148167,1.8569335361898638,0.007677349961211802,0.007677349961211802,1.849256186228652,1.8646108861510755
37,1.4946791794646266,0.11537352001262963,0.11537352001262963,1.379305659451997,1.6100526994772562,1.8570569195903612,0.00754839053333869,0.00754839053333869,1.8495085290570226,1.8646053101237
38,1.5303904196841496,0.10369323238883216,0.10369323238883216,1.4266971872953174,1.6340836520729818,1.8578190627755315,0.006819172142775117,0.006819172142775117,1.8509998906327565,1.8646382349183066
39,1.5783383304068426,0.01446066122486067,0.01446066122486067,1.563877669181982,1.5927989916317031,1.8593852651873561,0.005839297768865014,0.005839297768865014,1.853545967418491,1.8652245629562212
40,1.5785866487351228,0.01439902392356744,0.01439902392356744,1.5641876248115554,1.5929856726586902,1.8599534760198548,0.005513971360678637,0.005513971360678637,1.8544395046591762,1.8654674473805335
41,1.5788502630784544,0.014298236736595908,0.014298236736595908,1.5645520263418586,1.5931484998150502,1.8609366971916619,0.005360025973828772,0.005360025973828772,1.8555766712178332,1.8662967231654906
42,1.5794330419936642,0.01394840391982858,0.01394840391982858,1.5654846380738356,1.5933814459134927,1.8630655564988725,0.004839476274826673,0.004839476274826673,1.8582260802240458,1.8679050327736992
43,1.579588249916106,0.013760411236777077,0.013760411236777077,1.565827838679329,1.593348661152883,1.8635402005400743,0.0046802525120605044,0.0046802525120605044,1.8588599480280137,1.868220453052135
44,1.5829568654667292,0.013112551293359545,0.013112551293359545,1.5698443141733696,1.5960694167600888,1.8652782174540778,0.0032983514386092133,0.0032983514386092133,1.8619798660154687,1.868576568892687
45,1.5830708059872545,0.013139862731378016,0.013139862731378016,1.5699309432558763,1.5962106687186326,1.8654937185634346,0.0033953529017230755,0.0033953529017230755,1.8620983656617116,1.8688890714651576
46,1.584258469535061,0.012013657648221638,0.012013657648221638,1.5722448118868393,1.5962721271832827,1.866281036876528,0.0027455719133209285,0.0027455719133209285,1.863535464963207,1.8690266087898488
47,1.5843564719936358,0.012088267788702792,0.012088267788702792,1.572268204204933,1.5964447397823387,1.8664645555196486,0.0025598113317274675,0.0025598113317274675,1.863904744187921,1.8690243668513762
48,1.5851221637804702,0.011902856942132726,0.011902856942132726,1.5732193068383376,1.5970250207226029,1.8667971366337859,0.002372100937160106,0.002372100937160106,1.8644250356966259,1.8691692375709459
49,1.5854305757663867,0.011866100953769025,0.011866100953769025,1.5735644748126176,1.5972966767201557,1.8670008614108895,0.002173284601088732,0.002173284601088732,1.8648275768098008,1.8691741460119782
50,1.5854444741860836,0.011851232901470233,0.011851232901470233,1.5735932412846134,1.5972957070875538,1.8670349939219322,0.0021392257670262175,0.0021392257670262175,1.8648957681549059,1.8691742196889585
51,1.585654444790633,0.011991308885592623,0.011991308885592623,1.5736631359050406,1.5976457536762256,1.867034999621891,0.002139225976483595,0.002139225976483595,1.8648957736454073,1.8691742255983745
52,1.5858877817699262,0.011997108257112518,0.011997108257112518,1.5738906735128138,1.5978848900270386,1.8672375887186454,0.00224492585004084,0.00224492585004084,1.8649926628686047,1.8694825145686862
53,1.5859365573768982,0.011947869519008095,0.011947869519008095,1.5739886878578901,1.5978844268959063,1.8678156621011681,0.002243326467299337,0.002243326467299337,1.8655723356338687,1.8700589885684675
54,1.5861276833384514,0.011854248959590297,0.011854248959590297,1.5742734343788611,1.5979819322980418,1.8682972813502778,0.0023923592604570662,0.0023923592604570662,1.8659049220898207,1.870689640610735
55,1.5863835620994375,0.011819821264551734,0.011819821264551734,1.5745637408348858,1.5982033833639893,1.8683961947168382,0.002429862311777714,0.002429862311777714,1.8659663324050604,1.870826057028616
56,1.5865626975702702,0.011620830370040322,0.011620830370040322,1.57494186720023,1.5981835279403105,1.8684172232658676,0.0024423480464339457,0.0024423480464339457,1.8659748752194336,1.8708595713123015
