collection,experiment_family,variant_group,report_dir,report_path,comparison_name,mean_delta,mean_pct,wins,total,comparison_payload
optimized_experiments,acq_prior_comparison_v1,,optimized_experiments/acq_prior_comparison_v1,optimized_experiments/acq_prior_comparison_v1/report.json,comparison_vs_baseline_warmstart_acq_prior,,,,3,"{""init_delta_vs_baseline"": 0.05103054673997867, ""mean_delta_vs_baseline"": 0.01549437918753871, ""mean_pct_vs_baseline"": 4.686226627466978, ""total"": 3, ""wins_vs_baseline"": 2}"
optimized_experiments,acq_prior_comparison_v1,,optimized_experiments/acq_prior_comparison_v1,optimized_experiments/acq_prior_comparison_v1/report.json,comparison_vs_baseline_warmstart_acq_prior_proposal_light,,,,3,"{""init_delta_vs_baseline"": 0.049193093246479, ""mean_delta_vs_baseline"": 0.026245783434782288, ""mean_pct_vs_baseline"": 7.937955287019544, ""total"": 3, ""wins_vs_baseline"": 3}"
optimized_experiments,acq_prior_comparison_v1,,optimized_experiments/acq_prior_comparison_v1,optimized_experiments/acq_prior_comparison_v1/report.json,comparison_vs_baseline_warmstart_guided_ei,,,,3,"{""init_delta_vs_baseline"": 0.05103054673997867, ""mean_delta_vs_baseline"": -0.007927707515044569, ""mean_pct_vs_baseline"": -2.3977103956285317, ""total"": 3, ""wins_vs_baseline"": 1}"
optimized_experiments,acq_prior_comparison_v1,,optimized_experiments/acq_prior_comparison_v1,optimized_experiments/acq_prior_comparison_v1/report.json,comparison_vs_baseline_warmstart_old_gp_coupling,,,,3,"{""init_delta_vs_baseline"": 0.050271776394982565, ""mean_delta_vs_baseline"": 0.024946324272217102, ""mean_pct_vs_baseline"": 7.54493791890089, ""total"": 3, ""wins_vs_baseline"": 2}"
optimized_experiments,acq_prior_comparison_v1,,optimized_experiments/acq_prior_comparison_v1,optimized_experiments/acq_prior_comparison_v1/report.json,comparison_vs_baseline_warmstart_plain_ei,,,,3,"{""init_delta_vs_baseline"": 0.05014971452297587, ""mean_delta_vs_baseline"": 0.005196688064942501, ""mean_pct_vs_baseline"": 1.5717220864298376, ""total"": 3, ""wins_vs_baseline"": 2}"
optimized_experiments,acq_prior_comparison_v1,,optimized_experiments/acq_prior_comparison_v1,optimized_experiments/acq_prior_comparison_v1/report.json,comparison_vs_plain_warmstart_acq_prior,,,1,3,"{""init_delta_vs_plain"": 0.0008808322170028027, ""mean_delta_vs_plain"": 0.010297691122596209, ""mean_pct_vs_plain"": 3.066310659168438, ""total"": 3, ""wins_vs_plain"": 1}"
optimized_experiments,acq_prior_comparison_v1,,optimized_experiments/acq_prior_comparison_v1,optimized_experiments/acq_prior_comparison_v1/report.json,comparison_vs_plain_warmstart_acq_prior_proposal_light,,,2,3,"{""init_delta_vs_plain"": -0.0009566212764968718, ""mean_delta_vs_plain"": 0.021049095369839788, ""mean_pct_vs_plain"": 6.267722029141659, ""total"": 3, ""wins_vs_plain"": 2}"
optimized_experiments,acq_prior_comparison_v1,,optimized_experiments/acq_prior_comparison_v1,optimized_experiments/acq_prior_comparison_v1/report.json,comparison_vs_plain_warmstart_guided_ei,,,1,3,"{""init_delta_vs_plain"": 0.0008808322170028027, ""mean_delta_vs_plain"": -0.01312439557998707, ""mean_pct_vs_plain"": -3.908009434634458, ""total"": 3, ""wins_vs_plain"": 1}"
optimized_experiments,acq_prior_comparison_v1,,optimized_experiments/acq_prior_comparison_v1,optimized_experiments/acq_prior_comparison_v1/report.json,comparison_vs_plain_warmstart_old_gp_coupling,,,2,3,"{""init_delta_vs_plain"": 0.00012206187200669572, ""mean_delta_vs_plain"": 0.0197496362072746, ""mean_pct_vs_plain"": 5.88078621664827, ""total"": 3, ""wins_vs_plain"": 2}"
optimized_experiments,acq_prior_focus_v2,,optimized_experiments/acq_prior_focus_v2,optimized_experiments/acq_prior_focus_v2/report.json,comparison_vs_plain_warmstart_acq_prior_proposal_light,,,0,5,"{""init_delta_vs_plain"": -0.0011618339818948997, ""mean_delta_vs_plain"": -0.019907887662466484, ""mean_pct_vs_plain"": -5.463364502163319, ""total"": 5, ""wins_vs_plain"": 0}"
optimized_experiments,acq_prior_focus_v2,,optimized_experiments/acq_prior_focus_v2,optimized_experiments/acq_prior_focus_v2/report.json,comparison_vs_plain_warmstart_old_gp_coupling,,,2,5,"{""init_delta_vs_plain"": -0.0021077379599933055, ""mean_delta_vs_plain"": -0.0028387688135872446, ""mean_pct_vs_plain"": -0.7790494415558361, ""total"": 5, ""wins_vs_plain"": 2}"
optimized_experiments,ei_mechanism_ablation,,optimized_experiments/ei_mechanism_ablation,optimized_experiments/ei_mechanism_ablation/report.json,comparison_vs_plain_warmstart_guided_ei,,,2,3,"{""mean_delta_vs_plain"": 0.008637758577911547, ""mean_pct_vs_plain"": 2.4680127137171937, ""total"": 3, ""wins_vs_plain"": 2}"
optimized_experiments,ei_mechanism_ablation,,optimized_experiments/ei_mechanism_ablation,optimized_experiments/ei_mechanism_ablation/report.json,comparison_vs_plain_warmstart_llm_ei,,,1,3,"{""mean_delta_vs_plain"": -0.012915743480686526, ""mean_pct_vs_plain"": -3.690334573480436, ""total"": 3, ""wins_vs_plain"": 1}"
optimized_experiments,llmei_const_gate_5seed,,optimized_experiments/llmei_const_gate_5seed,optimized_experiments/llmei_const_gate_5seed/report.json,warmstart_llmei_const.comparison_vs_baseline,-0.009896090714766714,-1.1204975309983933,,,"{""abs_diff"": -0.009896090714766714, ""rel_diff_pct"": -1.1204975309983933, ""win_count"": 2}"
optimized_experiments,llmei_const_gate_5seed,,optimized_experiments/llmei_const_gate_5seed,optimized_experiments/llmei_const_gate_5seed/report.json,warmstart_llmei_const.comparison_vs_plain,-0.01947272277248513,-2.1811729128075377,,,"{""abs_diff"": -0.01947272277248513, ""rel_diff_pct"": -2.1811729128075377, ""win_count"": 2}"
optimized_experiments,llmei_vs_plain_v1,,optimized_experiments/llmei_vs_plain_v1,optimized_experiments/llmei_vs_plain_v1/report.json,warmstart_llmei_const.comparison_vs_baseline,0.03991857347074956,4.646984994315824,,,"{""abs_diff"": 0.03991857347074956, ""rel_diff_pct"": 4.646984994315824}"
optimized_experiments,llmei_vs_plain_v1,,optimized_experiments/llmei_vs_plain_v1,optimized_experiments/llmei_vs_plain_v1/report.json,warmstart_llmei_const.comparison_vs_plain,0.018630195330501365,2.116323804545038,,,"{""abs_diff"": 0.018630195330501365, ""rel_diff_pct"": 2.116323804545038}"
optimized_experiments,llmei_vs_plain_v1,,optimized_experiments/llmei_vs_plain_v1,optimized_experiments/llmei_vs_plain_v1/report.json,warmstart_llmei_online.comparison_vs_baseline,0.021123586165290753,2.459030456290508,,,"{""abs_diff"": 0.021123586165290753, ""rel_diff_pct"": 2.459030456290508}"
optimized_experiments,llmei_vs_plain_v1,,optimized_experiments/llmei_vs_plain_v1,optimized_experiments/llmei_vs_plain_v1/report.json,warmstart_llmei_online.comparison_vs_plain,-0.00016479197495744558,-0.018719781151701236,,,"{""abs_diff"": -0.00016479197495744558, ""rel_diff_pct"": -0.018719781151701236}"
optimized_experiments,multiseed,,optimized_experiments/multiseed,optimized_experiments/multiseed/report.json,comparison,-0.0024849075310540703,,0,3,"{""mean_delta"": -0.0024849075310540703, ""total"": 3, ""wins"": 0}"
optimized_experiments,multiseed_safe695,,optimized_experiments/multiseed_safe695,optimized_experiments/multiseed_safe695/report.json,comparison,0.01524641105412644,,2,3,"{""mean_delta"": 0.01524641105412644, ""total"": 3, ""wins"": 2}"
optimized_experiments,multiseed_warm6,,optimized_experiments/multiseed_warm6,optimized_experiments/multiseed_warm6/report.json,comparison,-0.023460905154552847,,0,3,"{""mean_delta"": -0.023460905154552847, ""total"": 3, ""wins"": 0}"
optimized_experiments,ordinary_ei_comparison,,optimized_experiments/ordinary_ei_comparison,optimized_experiments/ordinary_ei_comparison/report.json,comparison_vs_warmstart_ei_fair,0.013645127081423902,4.037943311810199,2,3,"{""init_delta"": 0.046914105484194224, ""init_pct"": 18.849569183281133, ""mean_delta"": 0.013645127081423902, ""mean_pct"": 4.037943311810199, ""total"": 3, ""wins"": 2}"
optimized_experiments,ordinary_ei_comparison,,optimized_experiments/ordinary_ei_comparison,optimized_experiments/ordinary_ei_comparison/report.json,comparison_vs_warmstart_ei_focused,0.011911958995363348,3.5250543925946065,2,3,"{""init_delta"": 0.03481464696013015, ""init_pct"": 13.988140447174779, ""mean_delta"": 0.011911958995363348, ""mean_pct"": 3.5250543925946065, ""total"": 3, ""wins"": 2}"
optimized_experiments,proposal_batch_v1,,optimized_experiments/proposal_batch_v1,optimized_experiments/proposal_batch_v1/report.json,comparison_vs_warmstart_guided_ei,0.002497384763601229,0.7390402480698555,0,3,"{""total"": 3, ""vs_baseline_mean_delta"": 0.002497384763601229, ""vs_baseline_mean_pct"": 0.7390402480698555, ""vs_plain_mean_delta"": -0.01590357862666275, ""vs_plain_mean_pct"": -4.463239532227248, ""wins_vs_plain"": 0}"
optimized_experiments,proposal_batch_v1,,optimized_experiments/proposal_batch_v1,optimized_experiments/proposal_batch_v1/report.json,comparison_vs_warmstart_proposal_ei,-0.0015161131992333376,-0.44865680739065716,0,3,"{""total"": 3, ""vs_baseline_mean_delta"": -0.0015161131992333376, ""vs_baseline_mean_pct"": -0.44865680739065716, ""vs_plain_mean_delta"": -0.019917076589497318, ""vs_plain_mean_pct"": -5.589602547165584, ""wins_vs_plain"": 0}"
optimized_experiments,proposal_batch_v1,,optimized_experiments/proposal_batch_v1,optimized_experiments/proposal_batch_v1/report.json,comparison_vs_warmstart_proposal_guided_ei,0.004906189442295872,1.4518673755675282,0,3,"{""total"": 3, ""vs_baseline_mean_delta"": 0.004906189442295872, ""vs_baseline_mean_pct"": 1.4518673755675282, ""vs_plain_mean_delta"": -0.013494773947968108, ""vs_plain_mean_pct"": -3.7872236165804707, ""wins_vs_plain"": 0}"
optimized_experiments,warmstart_prompt_v2_10iter,,optimized_experiments/warmstart_prompt_v2_10iter,optimized_experiments/warmstart_prompt_v2_10iter/report.json,comparison_vs_baseline_warmstart_prompt_v2,-0.04463971803413854,-5.222410806726383,2,3,"{""mean_delta"": -0.04463971803413854, ""mean_pct"": -5.222410806726383, ""total"": 3, ""wins"": 2}"
optimized_experiments,warmstart_prompt_v2_llmei_seed1_10iter,,optimized_experiments/warmstart_prompt_v2_llmei_seed1_10iter,optimized_experiments/warmstart_prompt_v2_llmei_seed1_10iter/report.json,comparison_vs_plain,,,,,"{""llmei_const_abs_diff"": 0.008888844703925702, ""llmei_online_abs_diff"": -0.19116030918829396}"
optimized_experiments,weight_aware_coupling_v1,,optimized_experiments/weight_aware_coupling_v1,optimized_experiments/weight_aware_coupling_v1/report.json,comparison_vs_plain_warmstart_weight_aware_gated_coupling,,,1,5,"{""init_delta_vs_plain"": 0.00048140932006546233, ""mean_delta_vs_plain"": -0.003213297155932626, ""mean_pct_vs_plain"": -0.8792279848974891, ""total"": 5, ""wins_vs_plain"": 1}"
