collection,experiment_family,variant_group,report_dir,report_path,group_name,structured_report,run_count,mean_hv,std_hv,mean_hv_raw,std_hv_raw,mean_init_hv,std_init_hv,mean_pareto_size,std_pareto_size,mean_hv_violations,rerank_applied_count,rerank_active_count,group_payload
api_experiments,api_experiments,,api_experiments,api_experiments/report.json,no_llm_baseline,False,0,,,,,,,,,,,,"{""hypervolume"": 0.3489846920729334, ""hypervolume_raw"": 10.268891979951693, ""last_guidance"": null, ""n_feasible"": 14, ""n_total"": 16, ""pareto_size"": 12, ""pareto_source_counts"": {""bo"": 6, ""random_init"": 6}, ""warmstart_trace"": [{""hypervolume"": 0.25246591536217355, ""hypervolume_raw"": 7.428822158571865, ""n_evaluated"": 5, ""pareto_size"": 5}, {""hypervolume"": 0.25695321501410096, ""hypervolume_raw"": 7.56086117476369, ""n_evaluated"": 6, ""pareto_size"": 6}]}"
api_experiments,api_experiments,,api_experiments,api_experiments/report.json,real_api_fullcoupled,False,0,,,,,,,,,,,,"{""hypervolume"": 0.31511331545508914, ""hypervolume_raw"": 9.272225032657012, ""last_guidance"": {""confidence"": 0.95, ""lb"": null, ""mode"": ""point"", ""note"": """", ""point"": [5.44, 4.93, 3.0, 0.4, 0.1], ""raw_text"": ""[\""point\"", [5.44, 4.93, 3.00, 0.4, 0.1], 0.95]"", ""ub"": null}, ""n_feasible"": 14, ""n_total"": 16, ""pareto_size"": 11, ""pareto_source_counts"": {""bo"": 7, ""llm_warmstart"": 2, ""random_init"": 2}, ""warmstart_trace"": [{""hypervolume"": 0.3146326283991577, ""hypervolume_raw"": 9.258080792048059, ""n_evaluated"": 5, ""pareto_size"": 4}, {""hypervolume"": 0.31966522366206396, ""hypervolume_raw"": 9.40616515880533, ""n_evaluated"": 6, ""pareto_size"": 4}]}"
fixed_experiments,fixed_experiments,,fixed_experiments,fixed_experiments/report.json,fixed_no_llm_baseline,False,0,,,,,,,,,,,,"{""hv_violations"": 0, ""hypervolume"": 0.3489846920729334, ""hypervolume_raw"": 10.268891979951693, ""last_gp_llm_coupling"": null, ""last_guidance"": null, ""n_feasible"": 14, ""n_total"": 16, ""pareto_size"": 12, ""pareto_source_counts"": {""bo"": 6, ""random_init"": 6}, ""warmstart_trace"": [{""hypervolume"": 0.25246591536217355, ""hypervolume_raw"": 7.428822158571864, ""n_evaluated"": 5, ""pareto_size"": 5}, {""hypervolume"": 0.25695321501410096, ""hypervolume_raw"": 7.56086117476369, ""n_evaluated"": 6, ""pareto_size"": 6}]}"
fixed_experiments,fixed_experiments,,fixed_experiments,fixed_experiments/report.json,fixed_real_api_fullcoupled,False,0,,,,,,,,,,,,"{""hv_violations"": 0, ""hypervolume"": 0.3007569670140424, ""hypervolume_raw"": 8.849788763341088, ""last_gp_llm_coupling"": {""confidence"": 0.85, ""grid"": [[5.78, 3.87, 2.04, 0.141, 0.243], [5.885798614919185, 4.332502137059346, 2.2420525442203507, 0.1825495754284784, 0.23938693428598345], [5.3688385279476645, 3.6850734771508726, 2.0987225219653918, 0.146382227526512, 0.2677332985885441], [4.972703786492349, 4.167843206953258, 2.182094039618969, 0.1626785279843025, 0.255528304439038], [5.57743445917964, 3.464608341995627, 2.026278062099591, 0.1255492191845551, 0.2037154845725745], [5.680871250629425, 3.9476229620911183, 2.0995531255332756, 0.11220583174005151, 0.21442217597924174], [5.148378314822913, 3.2260392024926845, 2.2221960697555914, 0.17603453881153835, 0.25331267406418917], [5.194376243650914, 4.383967232080177, 2.039401028659195, 0.13302387358667328, 0.2854259267561138], [5.779098798185587, 3.7548977664951235, 2.149686432844028, 0.1958940634932369, 0.22447522310726345], [5.796821833997965, 4.082432612339034, 2.0644916161615403, 0.17375494953943416, 0.2753942295927554], [5.2817941990494734, 3.3799489704240115, 2.141587720923126, 0.10071452545840294, 0.23729803468286992], [5.025926179736853, 4.247175536658615, 2.124676457536407, 0.20813382105436173, 0.20160229555517437], [5.628182394504547, 3.6003333249874414, 2.214258709079586, 0.13413159815734252, 0.263341412583366], [5.454848008602858, 4.4673182220943275, 2.190169015256688, 0.14748966714041306, 0.24552073374576866], [4.920422683358193, 3.838979380186647, 2.00129208246246, 0.1947892032433301, 0.21655691872537136], [5.38615381076932, 4.031055376427248, 2.250029823393561, 0.11405778315663338, 0.22654293275624512], [5.973350885808468, 3.31003746570088, 2.073510748515837, 0.16039865375543014, 0.27774341989494855], [5.943677593171596, 3.9604383359011264, 2.1402202547341584, 0.1271420200029388, 0.2076120103262365], [5.411456375867129, 3.3346776835899803, 2.0517541307304055, 0.20156069872854276, 0.25731032630614936], [4.897324641346932, 4.539247823394835, 2.2000817055394872, 0.10728090279689059, 0.27017553078196943], [5.482316778153182, 3.815663310214877, 2.1239721422689035, 0.1807508717207238, 0.2425381056703627], [5.5878556537628175, 4.25055527843535, 2.015065249335021, 0.16697103236429395, 0.22062089436873794], [5.070623648017645, 3.550644595809281, 2.190500800004229, 0.12104811796220019, 0.28368683045916254], [5.234892207682133, 4.080375731019303, 2.075249702739529, 0.1877923821345903, 0.25082753809355196], [5.839353097826242, 3.430951547836885, 2.2631721879774704, 0.14092420166358352, 0.2112287428714335], [5.7519056357443334, 4.454580083331093, 2.08376908805687, 0.1189835469624959, 0.2608562657162547]], ""lambda_value"": 1.0, ""mode"": ""point"", ""posterior_variance"": 0.019966159007633846, ""weights"": [0.29352821098566795, 0.010296728387906875, 0.07835995677630496, 0.012483387249727794, 0.025098674907112234, 0.0752337323998966, 0.0025127618357163413, 0.006487861859669941, 0.03268271262824116, 0.052044768807749206, 0.0175095355810157, 0.0007402655726031924, 0.03952100995259336, 0.018899192472100614, 0.006256051220211546, 0.01739657641391264, 0.01663534536963405, 0.047558944871669624, 0.009689564226263724, 0.0006384606315001711, 0.08804238580483453, 0.06279200865601432, 0.003622739116678276, 0.03977759193436778, 0.00644003874526578, 0.03575149359334173]}, ""last_guidance"": {""confidence"": 0.85, ""lb"": null, ""mode"": ""point"", ""note"": """", ""point"": [5.78, 3.87, 2.04, 0.141, 0.243], ""raw_text"": ""[\""point\"", [5.78, 3.87, 2.04, 0.141, 0.243], 0.85]"", ""ub"": null}, ""n_feasible"": 11, ""n_total"": 16, ""pareto_size"": 9, ""pareto_source_counts"": {""bo"": 5, ""llm_warmstart"": 2, ""random_init"": 2}, ""warmstart_trace"": [{""hypervolume"": 0.28930734224784815, ""hypervolume_raw"": 8.512882983214615, ""n_evaluated"": 5, ""pareto_size"": 4}, {""hypervolume"": 0.29324812030558517, ""hypervolume_raw"": 8.628840574223817, ""n_evaluated"": 6, ""pareto_size"": 4}]}"
optimized_experiments,acq_prior_comparison_v1,,optimized_experiments/acq_prior_comparison_v1,optimized_experiments/acq_prior_comparison_v1/report.json,baseline_ei,False,3,0.3306365743543608,0.02071451758011317,,,0.24244201991331107,,,,,,,"{""max_hv"": 0.3523453862447989, ""mean_hv"": 0.3306365743543608, ""mean_init_hv"": 0.24244201991331107, ""min_hv"": 0.3027474253058717, ""runs"": [{""acq_prior_active"": false, ""candidate_source_counts"": {}, ""hv_violations"": 0, ""hypervolume"": 0.3368169115124117, ""last_lambda"": null, ""n_feasible"": 16, ""proposal_ready"": false, ""seed"": 0, ""warmstart_hv_last"": 0.23715755760242924}, {""acq_prior_active"": false, ""candidate_source_counts"": {}, ""hv_violations"": 0, ""hypervolume"": 0.3523453862447989, ""last_lambda"": null, ""n_feasible"": 16, ""proposal_ready"": false, ""seed"": 1, ""warmstart_hv_last"": 0.24382990362843543}, {""acq_prior_active"": false, ""candidate_source_counts"": {}, ""hv_violations"": 0, ""hypervolume"": 0.3027474253058717, ""last_lambda"": null, ""n_feasible"": 16, ""proposal_ready"": false, ""seed"": 2, ""warmstart_hv_last"": 0.24633859850906856}], ""std_hv"": 0.02071451758011317}"
optimized_experiments,acq_prior_comparison_v1,,optimized_experiments/acq_prior_comparison_v1,optimized_experiments/acq_prior_comparison_v1/report.json,warmstart_acq_prior,False,3,0.3461309535418995,0.006495644459840543,,,0.29347256665328975,,,,,,,"{""max_hv"": 0.3537644035492175, ""mean_hv"": 0.3461309535418995, ""mean_init_hv"": 0.29347256665328975, ""min_hv"": 0.33788840362503864, ""runs"": [{""acq_prior_active"": true, ""candidate_source_counts"": {""guidance"": 26, ""hotspot"": 5}, ""hv_violations"": 0, ""hypervolume"": 0.33788840362503864, ""last_lambda"": null, ""n_feasible"": 16, ""proposal_ready"": false, ""seed"": 0, ""warmstart_hv_last"": 0.30190167030238824}, {""acq_prior_active"": true, ""candidate_source_counts"": {""guidance"": 26, ""hotspot"": 5}, ""hv_violations"": 0, ""hypervolume"": 0.3467400534514423, ""last_lambda"": null, ""n_feasible"": 16, ""proposal_ready"": false, ""seed"": 1, ""warmstart_hv_last"": 0.2887934629739515}, {""acq_prior_active"": true, ""candidate_source_counts"": {""guidance"": 26, ""hotspot"": 5}, ""hv_violations"": 0, ""hypervolume"": 0.3537644035492175, ""last_lambda"": null, ""n_feasible"": 16, ""proposal_ready"": false, ""seed"": 2, ""warmstart_hv_last"": 0.28972256668352947}], ""std_hv"": 0.006495644459840543}"
optimized_experiments,acq_prior_comparison_v1,,optimized_experiments/acq_prior_comparison_v1,optimized_experiments/acq_prior_comparison_v1/report.json,warmstart_acq_prior_proposal_light,False,3,0.35688235778914307,0.0023058935539115584,,,0.29163511315979007,,,,,,,"{""max_hv"": 0.35888141800341156, ""mean_hv"": 0.35688235778914307, ""mean_init_hv"": 0.29163511315979007, ""min_hv"": 0.3536515642915161, ""runs"": [{""acq_prior_active"": true, ""candidate_source_counts"": {""guidance"": 26, ""hotspot"": 5, ""proposal"": 8}, ""hv_violations"": 0, ""hypervolume"": 0.35888141800341156, ""last_lambda"": null, ""n_feasible"": 16, ""proposal_ready"": true, ""seed"": 0, ""warmstart_hv_last"": 0.30190167030238824}, {""acq_prior_active"": true, ""candidate_source_counts"": {""guidance"": 26, ""hotspot"": 5, ""proposal"": 8}, ""hv_violations"": 0, ""hypervolume"": 0.3536515642915161, ""last_lambda"": null, ""n_feasible"": 16, ""proposal_ready"": true, ""seed"": 1, ""warmstart_hv_last"": 0.2887934629739515}, {""acq_prior_active"": true, ""candidate_source_counts"": {""guidance"": 26, ""hotspot"": 5, ""proposal"": 8}, ""hv_violations"": 0, ""hypervolume"": 0.3581140910725015, ""last_lambda"": null, ""n_feasible"": 16, ""proposal_ready"": true, ""seed"": 2, ""warmstart_hv_last"": 0.28421020620303045}], ""std_hv"": 0.0023058935539115584}"
optimized_experiments,acq_prior_comparison_v1,,optimized_experiments/acq_prior_comparison_v1,optimized_experiments/acq_prior_comparison_v1/report.json,warmstart_guided_ei,False,3,0.3227088668393162,0.009649213183285302,,,0.29347256665328975,,,,,,,"{""max_hv"": 0.3363507704962425, ""mean_hv"": 0.3227088668393162, ""mean_init_hv"": 0.29347256665328975, ""min_hv"": 0.3155966744812452, ""runs"": [{""acq_prior_active"": false, ""candidate_source_counts"": {""guidance"": 26, ""hotspot"": 5}, ""hv_violations"": 0, ""hypervolume"": 0.3363507704962425, ""last_lambda"": null, ""n_feasible"": 16, ""proposal_ready"": false, ""seed"": 0, ""warmstart_hv_last"": 0.2992591736513799}, {""acq_prior_active"": false, ""candidate_source_counts"": {""guidance"": 26, ""hotspot"": 5}, ""hv_violations"": 0, ""hypervolume"": 0.3155966744812452, ""last_lambda"": null, ""n_feasible"": 16, ""proposal_ready"": false, ""seed"": 1, ""warmstart_hv_last"": 0.2887934629739515}, {""acq_prior_active"": false, ""candidate_source_counts"": {""guidance"": 26, ""hotspot"": 5}, ""hv_violations"": 0, ""hypervolume"": 0.316179155540461, ""last_lambda"": null, ""n_feasible"": 16, ""proposal_ready"": false, ""seed"": 2, ""warmstart_hv_last"": 0.2923650633345378}], ""std_hv"": 0.009649213183285302}"
optimized_experiments,acq_prior_comparison_v1,,optimized_experiments/acq_prior_comparison_v1,optimized_experiments/acq_prior_comparison_v1/report.json,warmstart_old_gp_coupling,False,3,0.3555828986265779,0.008636713555237065,,,0.29271379630829364,,,,,,,"{""max_hv"": 0.3641120829151941, ""mean_hv"": 0.3555828986265779, ""mean_init_hv"": 0.29271379630829364, ""min_hv"": 0.34374671529673023, ""runs"": [{""acq_prior_active"": false, ""candidate_source_counts"": {""guidance"": 26, ""hotspot"": 5}, ""hv_violations"": 0, ""hypervolume"": 0.3588898976678094, ""last_lambda"": 1.0, ""n_feasible"": 16, ""proposal_ready"": false, ""seed"": 0, ""warmstart_hv_last"": 0.2996253592673999}, {""acq_prior_active"": false, ""candidate_source_counts"": {""guidance"": 26, ""hotspot"": 5}, ""hv_violations"": 0, ""hypervolume"": 0.34374671529673023, ""last_lambda"": 1.0, ""n_feasible"": 16, ""proposal_ready"": false, ""seed"": 1, ""warmstart_hv_last"": 0.2861509663229431}, {""acq_prior_active"": false, ""candidate_source_counts"": {""guidance"": 26, ""hotspot"": 5}, ""hv_violations"": 0, ""hypervolume"": 0.3641120829151941, ""last_lambda"": 1.0, ""n_feasible"": 16, ""proposal_ready"": false, ""seed"": 2, ""warmstart_hv_last"": 0.2923650633345378}], ""std_hv"": 0.008636713555237065}"
optimized_experiments,acq_prior_comparison_v1,,optimized_experiments/acq_prior_comparison_v1,optimized_experiments/acq_prior_comparison_v1/report.json,warmstart_plain_ei,False,3,0.3358332624193033,0.02507075861388358,,,0.29259173443628694,,,,,,,"{""max_hv"": 0.35776045654727956, ""mean_hv"": 0.3358332624193033, ""mean_init_hv"": 0.29259173443628694, ""min_hv"": 0.3007405745214491, ""runs"": [{""acq_prior_active"": false, ""candidate_source_counts"": {}, ""hv_violations"": 0, ""hypervolume"": 0.3489987561891812, ""last_lambda"": null, ""n_feasible"": 16, ""proposal_ready"": false, ""seed"": 0, ""warmstart_hv_last"": 0.2992591736513799}, {""acq_prior_active"": false, ""candidate_source_counts"": {}, ""hv_violations"": 0, ""hypervolume"": 0.35776045654727956, ""last_lambda"": null, ""n_feasible"": 16, ""proposal_ready"": false, ""seed"": 1, ""warmstart_hv_last"": 0.2861509663229431}, {""acq_prior_active"": false, ""candidate_source_counts"": {}, ""hv_violations"": 0, ""hypervolume"": 0.3007405745214491, ""last_lambda"": null, ""n_feasible"": 16, ""proposal_ready"": false, ""seed"": 2, ""warmstart_hv_last"": 0.2923650633345378}], ""std_hv"": 0.02507075861388358}"
optimized_experiments,acq_prior_focus_v2,,optimized_experiments/acq_prior_focus_v2,optimized_experiments/acq_prior_focus_v2/report.json,warmstart_acq_prior_proposal_light,False,5,0.344480899770325,0.009032648372946029,,,0.2848933761748139,,,,,,,"{""max_hv"": 0.35709330715159954, ""mean_hv"": 0.344480899770325, ""mean_init_hv"": 0.2848933761748139, ""min_hv"": 0.3307360898935544, ""runs"": [{""acq_prior_active"": true, ""candidate_source_counts"": {""guidance"": 26, ""hotspot"": 5, ""proposal"": 8}, ""hv_violations"": 0, ""hypervolume"": 0.35709330715159954, ""last_lambda"": null, ""n_feasible"": 22, ""proposal_ready"": true, ""seed"": 0, ""warmstart_hv_last"": 0.2738571652983004}, {""acq_prior_active"": true, ""candidate_source_counts"": {""guidance"": 26, ""hotspot"": 5, ""proposal"": 8}, ""hv_violations"": 0, ""hypervolume"": 0.3307360898935544, ""last_lambda"": null, ""n_feasible"": 22, ""proposal_ready"": true, ""seed"": 1, ""warmstart_hv_last"": 0.28625024602704247}, {""acq_prior_active"": true, ""candidate_source_counts"": {""guidance"": 26, ""hotspot"": 5, ""proposal"": 8}, ""hv_violations"": 0, ""hypervolume"": 0.3411449549257301, ""last_lambda"": null, ""n_feasible"": 22, ""proposal_ready"": true, ""seed"": 2, ""warmstart_hv_last"": 0.2869216786942135}, {""acq_prior_active"": true, ""candidate_source_counts"": {""guidance"": 26, ""hotspot"": 5, ""proposal"": 8}, ""hv_violations"": 0, ""hypervolume"": 0.3511218564316576, ""last_lambda"": null, ""n_feasible"": 22, ""proposal_ready"": true, ""seed"": 3, ""warmstart_hv_last"": 0.29039690262311696}, {""acq_prior_active"": true, ""candidate_source_counts"": {""guidance"": 26, ""hotspot"": 5, ""proposal"": 8}, ""hv_violations"": 0, ""hypervolume"": 0.34230829044908323, ""last_lambda"": null, ""n_feasible"": 22, ""proposal_ready"": true, ""seed"": 4, ""warmstart_hv_last"": 0.28704088823139634}], ""std_hv"": 0.009032648372946029}"
optimized_experiments,acq_prior_focus_v2,,optimized_experiments/acq_prior_focus_v2,optimized_experiments/acq_prior_focus_v2/report.json,warmstart_old_gp_coupling,False,5,0.3615500186192042,0.01004682070915411,,,0.2839474721967155,,,,,,,"{""max_hv"": 0.37476283621188217, ""mean_hv"": 0.3615500186192042, ""mean_init_hv"": 0.2839474721967155, ""min_hv"": 0.3471004221214275, ""runs"": [{""acq_prior_active"": false, ""candidate_source_counts"": {""guidance"": 26, ""hotspot"": 5}, ""hv_violations"": 0, ""hypervolume"": 0.36785814377747983, ""last_lambda"": 1.0, ""n_feasible"": 22, ""proposal_ready"": false, ""seed"": 0, ""warmstart_hv_last"": 0.2738571652983004}, {""acq_prior_active"": false, ""candidate_source_counts"": {""guidance"": 26, ""hotspot"": 5}, ""hv_violations"": 0, ""hypervolume"": 0.3471004221214275, ""last_lambda"": 1.0, ""n_feasible"": 22, ""proposal_ready"": false, ""seed"": 1, ""warmstart_hv_last"": 0.28625024602704247}, {""acq_prior_active"": false, ""candidate_source_counts"": {""guidance"": 26, ""hotspot"": 5}, ""hv_violations"": 0, ""hypervolume"": 0.3531546558804766, ""last_lambda"": 1.0, ""n_feasible"": 22, ""proposal_ready"": false, ""seed"": 2, ""warmstart_hv_last"": 0.28140525667262006}, {""acq_prior_active"": false, ""candidate_source_counts"": {""guidance"": 26, ""hotspot"": 5}, ""hv_violations"": 0, ""hypervolume"": 0.3648740351047549, ""last_lambda"": 1.0, ""n_feasible"": 22, ""proposal_ready"": false, ""seed"": 3, ""warmstart_hv_last"": 0.2911838047542184}, {""acq_prior_active"": false, ""candidate_source_counts"": {""guidance"": 26, ""hotspot"": 5}, ""hv_violations"": 0, ""hypervolume"": 0.37476283621188217, ""last_lambda"": 1.0, ""n_feasible"": 22, ""proposal_ready"": false, ""seed"": 4, ""warmstart_hv_last"": 0.28704088823139634}], ""std_hv"": 0.01004682070915411}"
optimized_experiments,acq_prior_focus_v2,,optimized_experiments/acq_prior_focus_v2,optimized_experiments/acq_prior_focus_v2/report.json,warmstart_plain_ei,False,5,0.36438878743279146,0.007879626877113766,,,0.2860552101567088,,,,,,,"{""max_hv"": 0.3737170527466645, ""mean_hv"": 0.36438878743279146, ""mean_init_hv"": 0.2860552101567088, ""min_hv"": 0.3513426951352065, ""runs"": [{""acq_prior_active"": false, ""candidate_source_counts"": {}, ""hv_violations"": 0, ""hypervolume"": 0.3680246590199265, ""last_lambda"": null, ""n_feasible"": 22, ""proposal_ready"": false, ""seed"": 0, ""warmstart_hv_last"": 0.2765000838971011}, {""acq_prior_active"": false, ""candidate_source_counts"": {}, ""hv_violations"": 0, ""hypervolume"": 0.35995748271223016, ""last_lambda"": null, ""n_feasible"": 22, ""proposal_ready"": false, ""seed"": 1, ""warmstart_hv_last"": 0.28625024602704247}, {""acq_prior_active"": false, ""candidate_source_counts"": {}, ""hv_violations"": 0, ""hypervolume"": 0.3513426951352065, ""last_lambda"": null, ""n_feasible"": 22, ""proposal_ready"": false, ""seed"": 2, ""warmstart_hv_last"": 0.28653567503758154}, {""acq_prior_active"": false, ""candidate_source_counts"": {}, ""hv_violations"": 0, ""hypervolume"": 0.3737170527466645, ""last_lambda"": null, ""n_feasible"": 22, ""proposal_ready"": false, ""seed"": 3, ""warmstart_hv_last"": 0.29654452928203495}, {""acq_prior_active"": false, ""candidate_source_counts"": {}, ""hv_violations"": 0, ""hypervolume"": 0.3689020475499297, ""last_lambda"": null, ""n_feasible"": 22, ""proposal_ready"": false, ""seed"": 4, ""warmstart_hv_last"": 0.284445516539784}], ""std_hv"": 0.007879626877113766}"
optimized_experiments,ei_mechanism_ablation,,optimized_experiments/ei_mechanism_ablation,optimized_experiments/ei_mechanism_ablation/report.json,warmstart_guided_ei,False,3,0.35862617354445453,0.0029411084432167745,,,,,,,,,,"{""max_hv"": 0.36158011976835164, ""mean_hv"": 0.35862617354445453, ""min_hv"": 0.35461329239160927, ""runs"": [{""hv_violations"": 0, ""hypervolume"": 0.35461329239160927, ""last_lambda"": null, ""n_feasible"": 16, ""seed"": 0, ""warmstart_hv_last"": 0.2869348048347409}, {""hv_violations"": 0, ""hypervolume"": 0.36158011976835164, ""last_lambda"": null, ""n_feasible"": 16, ""seed"": 1, ""warmstart_hv_last"": 0.2890017289333369}, {""hv_violations"": 0, ""hypervolume"": 0.3596851084734026, ""last_lambda"": null, ""n_feasible"": 16, ""seed"": 2, ""warmstart_hv_last"": 0.27758344507752164}], ""std_hv"": 0.0029411084432167745}"
optimized_experiments,ei_mechanism_ablation,,optimized_experiments/ei_mechanism_ablation,optimized_experiments/ei_mechanism_ablation/report.json,warmstart_llm_ei,False,3,0.33707267148585646,0.023287082228117973,,,,,,,,,,"{""max_hv"": 0.3563998980394565, ""mean_hv"": 0.33707267148585646, ""min_hv"": 0.3043162880556501, ""runs"": [{""hv_violations"": 0, ""hypervolume"": 0.3505018283624628, ""last_lambda"": 1.0, ""n_feasible"": 16, ""seed"": 0, ""warmstart_hv_last"": 0.2869348048347409}, {""hv_violations"": 0, ""hypervolume"": 0.3043162880556501, ""last_lambda"": 1.0, ""n_feasible"": 16, ""seed"": 1, ""warmstart_hv_last"": 0.28856455696370314}, {""hv_violations"": 0, ""hypervolume"": 0.3563998980394565, ""last_lambda"": 1.0, ""n_feasible"": 16, ""seed"": 2, ""warmstart_hv_last"": 0.27984774215647584}], ""std_hv"": 0.023287082228117973}"
optimized_experiments,ei_mechanism_ablation,,optimized_experiments/ei_mechanism_ablation,optimized_experiments/ei_mechanism_ablation/report.json,warmstart_plain_ei,False,3,0.349988414966543,0.013258863949965128,,,,,,,,,,"{""max_hv"": 0.36819015379085485, ""mean_hv"": 0.349988414966543, ""min_hv"": 0.3369864254980211, ""runs"": [{""hv_violations"": 0, ""hypervolume"": 0.36819015379085485, ""last_lambda"": null, ""n_feasible"": 16, ""seed"": 0, ""warmstart_hv_last"": 0.2869348048347409}, {""hv_violations"": 0, ""hypervolume"": 0.34478866561075294, ""last_lambda"": null, ""n_feasible"": 16, ""seed"": 1, ""warmstart_hv_last"": 0.28856455696370314}, {""hv_violations"": 0, ""hypervolume"": 0.3369864254980211, ""last_lambda"": null, ""n_feasible"": 16, ""seed"": 2, ""warmstart_hv_last"": 0.27758344507752164}], ""std_hv"": 0.013258863949965128}"
optimized_experiments,llmei_const_gate_5seed,,optimized_experiments/llmei_const_gate_5seed,optimized_experiments/llmei_const_gate_5seed/report.json,baseline_strict,True,5,0.8831871950622714,0.04491085724371544,10.395130915685677,0.5286016862497375,0.6479022352202392,0.03569588573125425,16.4,1.4966629547095767,0.0,0,0,"{""aggregate"": {""mean_final_hv"": 0.8831871950622714, ""mean_final_hv_raw"": 10.395130915685677, ""mean_hv_violations"": 0.0, ""mean_init_hv"": 0.6479022352202392, ""mean_init_hv_raw"": 7.6258222416878345, ""mean_pareto_size"": 16.4, ""mean_rerank_entropy_mean"": null, ""rerank_active_count"": 0, ""rerank_applied_count"": 0, ""std_final_hv"": 0.04491085724371544, ""std_final_hv_raw"": 0.5286016862497375, ""std_hv_violations"": 0.0, ""std_init_hv"": 0.03569588573125425, ""std_init_hv_raw"": 0.42014128760277347, ""std_pareto_size"": 1.4966629547095767}, ""runs"": [{""final_hv"": 0.9197786043419368, ""final_hv_raw"": 10.825812533329305, ""hv_violations"": 0, ""init_hv"": 0.6024592027253539, ""init_hv_raw"": 7.090956842108775, ""pareto_size"": 17, ""rerank_active"": false, ""rerank_applied"": false, ""rerank_entropy_mean"": null, ""rerank_fallback_reason"": null, ""rerank_gate"": null, ""seed"": 0}, {""final_hv"": 0.8866804116647106, ""final_hv_raw"": 10.436246144826471, ""hv_violations"": 0, ""init_hv"": 0.6327796365731206, ""init_hv_raw"": 7.447828953740443, ""pareto_size"": 15, ""rerank_active"": false, ""rerank_applied"": false, ""rerank_entropy_mean"": null, ""rerank_fallback_reason"": null, ""rerank_gate"": null, ""seed"": 1}, {""final_hv"": 0.7960561683014461, ""final_hv_raw"": 9.3695969914387, ""hv_violations"": 0, ""init_hv"": 0.7035143336258368, ""init_hv_raw"": 8.280377750026497, ""pareto_size"": 15, ""rerank_active"": false, ""rerank_applied"": false, ""rerank_entropy_mean"": null, ""rerank_fallback_reason"": null, ""rerank_gate"": null, ""seed"": 2}, {""final_hv"": 0.9025095649702308, ""final_hv_raw"": 10.622555595207192, ""hv_violations"": 0, ""init_hv"": 0.6283308172395942, ""init_hv_raw"": 7.395466261379418, ""pareto_size"": 16, ""rerank_active"": false, ""rerank_applied"": false, ""rerank_entropy_mean"": null, ""rerank_fallback_reason"": null, ""rerank_gate"": null, ""seed"": 3}, {""final_hv"": 0.9109112260330327, ""final_hv_raw"": 10.721443313626711, ""hv_violations"": 0, ""init_hv"": 0.6724271859372902, ""init_hv_raw"": 7.914481401184039, ""pareto_size"": 19, ""rerank_active"": false, ""rerank_applied"": false, ""rerank_entropy_mean"": null, ""rerank_fallback_reason"": null, ""rerank_gate"": null, ""seed"": 4}]}"
optimized_experiments,llmei_const_gate_5seed,,optimized_experiments/llmei_const_gate_5seed,optimized_experiments/llmei_const_gate_5seed/report.json,warmstart_llmei_const,True,5,0.8732911043475047,0.05226926884313728,10.278653730431367,0.6152103376603779,0.7187210804094797,0.006848261349508072,16.6,1.624807680927192,0.0,4,5,"{""aggregate"": {""mean_final_hv"": 0.8732911043475047, ""mean_final_hv_raw"": 10.278653730431367, ""mean_hv_violations"": 0.0, ""mean_init_hv"": 0.7187210804094797, ""mean_init_hv_raw"": 8.459361463220509, ""mean_pareto_size"": 16.6, ""mean_rerank_entropy_mean"": 0.5281806757513806, ""rerank_active_count"": 5, ""rerank_applied_count"": 4, ""std_final_hv"": 0.05226926884313728, ""std_final_hv_raw"": 0.6152103376603779, ""std_hv_violations"": 0.0, ""std_init_hv"": 0.006848261349508072, ""std_init_hv_raw"": 0.08060417278575627, ""std_pareto_size"": 1.624807680927192}, ""comparison_vs_baseline"": {""abs_diff"": -0.009896090714766714, ""rel_diff_pct"": -1.1204975309983933, ""win_count"": 2}, ""comparison_vs_plain"": {""abs_diff"": -0.01947272277248513, ""rel_diff_pct"": -2.1811729128075377, ""win_count"": 2}, ""runs"": [{""final_hv"": 0.9229412278418397, ""final_hv_raw"": 10.86303667505409, ""hv_violations"": 0, ""init_hv"": 0.7127595053540661, ""init_hv_raw"": 8.389193605815894, ""pareto_size"": 16, ""rerank_active"": true, ""rerank_applied"": true, ""rerank_entropy_mean"": 0.427228481499399, ""rerank_fallback_reason"": null, ""rerank_gate"": 0.25, ""seed"": 0}, {""final_hv"": 0.7760606063667789, ""final_hv_raw"": 9.134248828324864, ""hv_violations"": 0, ""init_hv"": 0.7227019056027503, ""init_hv_raw"": 8.506215855208824, ""pareto_size"": 18, ""rerank_active"": true, ""rerank_applied"": false, ""rerank_entropy_mean"": 0.8034633230903285, ""rerank_fallback_reason"": ""high_entropy"", ""rerank_gate"": 0.25, ""seed"": 1}, {""final_hv"": 0.9132713633731568, ""final_hv_raw"": 10.74922217723202, ""hv_violations"": 0, ""init_hv"": 0.7133665562624849, ""init_hv_raw"": 8.396338607125674, ""pareto_size"": 15, ""rerank_active"": true, ""rerank_applied"": true, ""rerank_entropy_mean"": 0.7994323924190213, ""rerank_fallback_reason"": null, ""rerank_gate"": 0.25, ""seed"": 2}, {""final_hv"": 0.8695355073368328, ""final_hv_raw"": 10.234450278648149, ""hv_violations"": 0, ""init_hv"": 0.71440335518182, ""init_hv_raw"": 8.408541751102382, ""pareto_size"": 19, ""rerank_active"": true, ""rerank_applied"": true, ""rerank_entropy_mean"": 0.2449340119128686, ""rerank_fallback_reason"": null, ""rerank_gate"": 0.25, ""seed"": 3}, {""final_hv"": 0.8846468168189153, ""final_hv_raw"": 10.412310692897716, ""hv_violations"": 0, ""init_hv"": 0.7303740796462772, ""init_hv_raw"": 8.596517496849772, ""pareto_size"": 15, ""rerank_active"": true, ""rerank_applied"": true, ""rerank_entropy_mean"": 0.3658451698352858, ""rerank_fallback_reason"": null, ""rerank_gate"": 0.25, ""seed"": 4}]}"
optimized_experiments,llmei_const_gate_5seed,,optimized_experiments/llmei_const_gate_5seed,optimized_experiments/llmei_const_gate_5seed/report.json,warmstart_plain_ei,True,5,0.8927638271199898,0.010301185159996302,10.507848066169629,0.1212451549609824,0.7131703041150469,0.011163505933196568,15.6,2.33238075793812,0.0,0,0,"{""aggregate"": {""mean_final_hv"": 0.8927638271199898, ""mean_final_hv_raw"": 10.507848066169629, ""mean_hv_violations"": 0.0, ""mean_init_hv"": 0.7131703041150469, ""mean_init_hv_raw"": 8.394028715432828, ""mean_pareto_size"": 15.6, ""mean_rerank_entropy_mean"": null, ""rerank_active_count"": 0, ""rerank_applied_count"": 0, ""std_final_hv"": 0.010301185159996302, ""std_final_hv_raw"": 0.1212451549609824, ""std_hv_violations"": 0.0, ""std_init_hv"": 0.011163505933196568, ""std_init_hv_raw"": 0.1313946876748253, ""std_pareto_size"": 2.33238075793812}, ""runs"": [{""final_hv"": 0.9001623915164133, ""final_hv_raw"": 10.594929316802494, ""hv_violations"": 0, ""init_hv"": 0.7177959829315601, ""init_hv_raw"": 8.448473047438997, ""pareto_size"": 14, ""rerank_active"": false, ""rerank_applied"": false, ""rerank_entropy_mean"": null, ""rerank_fallback_reason"": null, ""rerank_gate"": null, ""seed"": 0}, {""final_hv"": 0.881861051106543, ""final_hv_raw"": 10.379522174854838, ""hv_violations"": 0, ""init_hv"": 0.6965383700552252, ""init_hv_raw"": 8.198270519549215, ""pareto_size"": 20, ""rerank_active"": false, ""rerank_applied"": false, ""rerank_entropy_mean"": null, ""rerank_fallback_reason"": null, ""rerank_gate"": null, ""seed"": 1}, {""final_hv"": 0.909158549485786, ""final_hv_raw"": 10.700814275679445, ""hv_violations"": 0, ""init_hv"": 0.7133665562624849, ""init_hv_raw"": 8.396338607125674, ""pareto_size"": 14, ""rerank_active"": false, ""rerank_applied"": false, ""rerank_entropy_mean"": null, ""rerank_fallback_reason"": null, ""rerank_gate"": null, ""seed"": 2}, {""final_hv"": 0.8879143855570439, ""final_hv_raw"": 10.45077004217129, ""hv_violations"": 0, ""init_hv"": 0.7077765316796871, ""init_hv_raw"": 8.330543906200479, ""pareto_size"": 16, ""rerank_active"": false, ""rerank_applied"": false, ""rerank_entropy_mean"": null, ""rerank_fallback_reason"": null, ""rerank_gate"": null, ""seed"": 3}, {""final_hv"": 0.8847227579341627, ""final_hv_raw"": 10.41320452134008, ""hv_violations"": 0, ""init_hv"": 0.7303740796462772, ""init_hv_raw"": 8.596517496849772, ""pareto_size"": 14, ""rerank_active"": false, ""rerank_applied"": false, ""rerank_entropy_mean"": null, ""rerank_fallback_reason"": null, ""rerank_gate"": null, ""seed"": 4}]}"
optimized_experiments,llmei_vs_plain_v1,,optimized_experiments/llmei_vs_plain_v1,optimized_experiments/llmei_vs_plain_v1/report.json,baseline_strict,True,3,0.8590209247410487,0.06689976422867239,10.110693431608196,0.7874115603957796,0.6207007724255522,0.03176382893267238,14.0,1.4142135623730951,0.0,0,0,"{""aggregate"": {""mean_final_hv"": 0.8590209247410487, ""mean_final_hv_raw"": 10.110693431608196, ""mean_hv_violations"": 0.0, ""mean_init_hv"": 0.6207007724255522, ""mean_init_hv_raw"": 7.305660481610474, ""mean_pareto_size"": 14.0, ""mean_rerank_entropy_mean"": null, ""rerank_active_count"": 0, ""rerank_applied_count"": 0, ""std_final_hv"": 0.06689976422867239, ""std_final_hv_raw"": 0.7874115603957796, ""std_hv_violations"": 0.0, ""std_init_hv"": 0.03176382893267238, ""std_init_hv_raw"": 0.3738609005934388, ""std_pareto_size"": 1.4142135623730951}, ""runs"": [{""final_hv"": 0.9282149239741078, ""final_hv_raw"": 10.925108183802138, ""hv_violations"": 0, ""init_hv"": 0.6651657512868973, ""init_hv_raw"": 7.8290141703992795, ""pareto_size"": 13, ""rerank_active"": false, ""rerank_applied"": false, ""rerank_entropy_mean"": null, ""rerank_fallback_reason"": null, ""rerank_gate"": null, ""seed"": 0}, {""final_hv"": 0.7685444965896863, ""final_hv_raw"": 9.045784066215134, ""hv_violations"": 0, ""init_hv"": 0.6039964367410424, ""init_hv_raw"": 7.109050117159033, ""pareto_size"": 16, ""rerank_active"": false, ""rerank_applied"": false, ""rerank_entropy_mean"": null, ""rerank_fallback_reason"": null, ""rerank_gate"": null, ""seed"": 1}, {""final_hv"": 0.8803033536593521, ""final_hv_raw"": 10.361188044807315, ""hv_violations"": 0, ""init_hv"": 0.5929401292487169, ""init_hv_raw"": 6.978917157273108, ""pareto_size"": 13, ""rerank_active"": false, ""rerank_applied"": false, ""rerank_entropy_mean"": null, ""rerank_fallback_reason"": null, ""rerank_gate"": null, ""seed"": 2}]}"
optimized_experiments,llmei_vs_plain_v1,,optimized_experiments/llmei_vs_plain_v1,optimized_experiments/llmei_vs_plain_v1/report.json,warmstart_llmei_const,True,3,0.8989394982117983,0.019662508947495345,10.580535838196305,0.23142812280656283,0.7161937522957778,0.011994849142819008,17.0,2.160246899469287,0.0,2,3,"{""aggregate"": {""mean_final_hv"": 0.8989394982117983, ""mean_final_hv_raw"": 10.580535838196305, ""mean_hv_violations"": 0.0, ""mean_init_hv"": 0.7161937522957778, ""mean_init_hv_raw"": 8.4296147608728, ""mean_pareto_size"": 17.0, ""mean_rerank_entropy_mean"": 0.7902236822266496, ""rerank_active_count"": 3, ""rerank_applied_count"": 2, ""std_final_hv"": 0.019662508947495345, ""std_final_hv_raw"": 0.23142812280656283, ""std_hv_violations"": 0.0, ""std_init_hv"": 0.011994849142819008, ""std_init_hv_raw"": 0.14117961384699676, ""std_pareto_size"": 2.160246899469287}, ""comparison_vs_baseline"": {""abs_diff"": 0.03991857347074956, ""rel_diff_pct"": 4.646984994315824}, ""comparison_vs_plain"": {""abs_diff"": 0.018630195330501365, ""rel_diff_pct"": 2.116323804545038}, ""runs"": [{""final_hv"": 0.926744928412196, ""final_hv_raw"": 10.907806306695019, ""hv_violations"": 0, ""init_hv"": 0.7297326929651138, ""init_hv_raw"": 8.588968362809393, ""pareto_size"": 15, ""rerank_active"": true, ""rerank_applied"": true, ""rerank_entropy_mean"": 0.7321673943996821, ""rerank_fallback_reason"": null, ""rerank_gate"": 0.25, ""seed"": 0}, {""final_hv"": 0.8847819779044094, ""final_hv_raw"": 10.41390154157201, ""hv_violations"": 0, ""init_hv"": 0.7182751250340959, ""init_hv_raw"": 8.454112559550271, ""pareto_size"": 20, ""rerank_active"": true, ""rerank_applied"": false, ""rerank_entropy_mean"": 0.8890070245389863, ""rerank_fallback_reason"": ""high_entropy"", ""rerank_gate"": 0.25, ""seed"": 1}, {""final_hv"": 0.8852915883187896, ""final_hv_raw"": 10.419899666321887, ""hv_violations"": 0, ""init_hv"": 0.7005734388881235, ""init_hv_raw"": 8.245763360258735, ""pareto_size"": 16, ""rerank_active"": true, ""rerank_applied"": true, ""rerank_entropy_mean"": 0.7494966277412806, ""rerank_fallback_reason"": null, ""rerank_gate"": 0.25, ""seed"": 2}]}"
optimized_experiments,llmei_vs_plain_v1,,optimized_experiments/llmei_vs_plain_v1,optimized_experiments/llmei_vs_plain_v1/report.json,warmstart_llmei_online,True,3,0.8801445109063395,0.029050140540891084,10.359318462433606,0.3419207340526928,0.7173229456827216,0.010607994821558154,14.333333333333334,1.247219128924647,0.0,2,3,"{""aggregate"": {""mean_final_hv"": 0.8801445109063395, ""mean_final_hv_raw"": 10.359318462433606, ""mean_hv_violations"": 0.0, ""mean_init_hv"": 0.7173229456827216, ""mean_init_hv_raw"": 8.442905389577602, ""mean_pareto_size"": 14.333333333333334, ""mean_rerank_entropy_mean"": 0.5607772430931888, ""rerank_active_count"": 3, ""rerank_applied_count"": 2, ""std_final_hv"": 0.029050140540891084, ""std_final_hv_raw"": 0.3419207340526928, ""std_hv_violations"": 0.0, ""std_init_hv"": 0.010607994821558154, ""std_init_hv_raw"": 0.12485631080196738, ""std_pareto_size"": 1.247219128924647}, ""comparison_vs_baseline"": {""abs_diff"": 0.021123586165290753, ""rel_diff_pct"": 2.459030456290508}, ""comparison_vs_plain"": {""abs_diff"": -0.00016479197495744558, ""rel_diff_pct"": -0.018719781151701236}, ""runs"": [{""final_hv"": 0.9079097833215207, ""final_hv_raw"": 10.68611627299871, ""hv_violations"": 0, ""init_hv"": 0.7297326929651138, ""init_hv_raw"": 8.588968362809393, ""pareto_size"": 16, ""rerank_active"": true, ""rerank_applied"": true, ""rerank_entropy_mean"": 0.3497759354522019, ""rerank_fallback_reason"": null, ""rerank_gate"": 0.14907949839755247, ""seed"": 0}, {""final_hv"": 0.8400381595929259, ""final_hv_raw"": 9.887265906889002, ""hv_violations"": 0, ""init_hv"": 0.7184182748121118, ""init_hv_raw"": 8.455797435295015, ""pareto_size"": 13, ""rerank_active"": true, ""rerank_applied"": true, ""rerank_entropy_mean"": 0.5315828838426041, ""rerank_fallback_reason"": null, ""rerank_gate"": 0.12024153027797688, ""seed"": 1}, {""final_hv"": 0.8924855898045719, ""final_hv_raw"": 10.504573207413108, ""hv_violations"": 0, ""init_hv"": 0.7038178692709391, ""init_hv_raw"": 8.283950370628398, ""pareto_size"": 14, ""rerank_active"": true, ""rerank_applied"": false, ""rerank_entropy_mean"": 0.8009729099847602, ""rerank_fallback_reason"": ""high_entropy"", ""rerank_gate"": 0.10508276334589031, ""seed"": 2}]}"
optimized_experiments,llmei_vs_plain_v1,,optimized_experiments/llmei_vs_plain_v1,optimized_experiments/llmei_vs_plain_v1/report.json,warmstart_plain_ei,True,3,0.8803093028812969,0.03891879913468842,10.361258067268361,0.4580750426956032,0.7202622435774114,0.00895496251962315,14.333333333333334,1.247219128924647,0.0,0,0,"{""aggregate"": {""mean_final_hv"": 0.8803093028812969, ""mean_final_hv_raw"": 10.361258067268361, ""mean_hv_violations"": 0.0, ""mean_init_hv"": 0.7202622435774114, ""mean_init_hv_raw"": 8.477500984471101, ""mean_pareto_size"": 14.333333333333334, ""mean_rerank_entropy_mean"": null, ""rerank_active_count"": 0, ""rerank_applied_count"": 0, ""std_final_hv"": 0.03891879913468842, ""std_final_hv_raw"": 0.4580750426956032, ""std_hv_violations"": 0.0, ""std_init_hv"": 0.00895496251962315, ""std_init_hv_raw"": 0.10540008761107315, ""std_pareto_size"": 1.247219128924647}, ""runs"": [{""final_hv"": 0.9231458778647889, ""final_hv_raw"": 10.865445409909338, ""hv_violations"": 0, ""init_hv"": 0.7320874947996784, ""init_hv_raw"": 8.61668442740776, ""pareto_size"": 13, ""rerank_active"": false, ""rerank_applied"": false, ""rerank_entropy_mean"": null, ""rerank_fallback_reason"": null, ""rerank_gate"": null, ""seed"": 0}, {""final_hv"": 0.8289614268208437, ""final_hv_raw"": 9.756892541052622, ""hv_violations"": 0, ""init_hv"": 0.7182751250340959, ""init_hv_raw"": 8.454112559550271, ""pareto_size"": 14, ""rerank_active"": false, ""rerank_applied"": false, ""rerank_entropy_mean"": null, ""rerank_fallback_reason"": null, ""rerank_gate"": null, ""seed"": 1}, {""final_hv"": 0.8888206039582582, ""final_hv_raw"": 10.461436250843125, ""hv_violations"": 0, ""init_hv"": 0.71042411089846, ""init_hv_raw"": 8.361705966455272, ""pareto_size"": 16, ""rerank_active"": false, ""rerank_applied"": false, ""rerank_entropy_mean"": null, ""rerank_fallback_reason"": null, ""rerank_gate"": null, ""seed"": 2}]}"
optimized_experiments,multiseed,,optimized_experiments/multiseed,optimized_experiments/multiseed/report.json,baseline_strict,False,3,0.33792270043798117,0.016770282398946845,,,,,,,,,,"{""max_hv"": 0.3601655209546283, ""mean_hv"": 0.33792270043798117, ""min_hv"": 0.3196734392266139, ""runs"": [{""hv_violations"": 0, ""hypervolume"": 0.3601655209546283, ""n_feasible"": 16, ""seed"": 0, ""warmstart_hv_last"": 0.25695321501410096}, {""hv_violations"": 0, ""hypervolume"": 0.3196734392266139, ""n_feasible"": 16, ""seed"": 1, ""warmstart_hv_last"": 0.2427666463387249}, {""hv_violations"": 0, ""hypervolume"": 0.33392914113270133, ""n_feasible"": 16, ""seed"": 2, ""warmstart_hv_last"": 0.24694079218304285}], ""std_hv"": 0.016770282398946845}"
optimized_experiments,multiseed,,optimized_experiments/multiseed,optimized_experiments/multiseed/report.json,warmstart_only_safe65,False,3,0.3354377929069271,0.01688264966798489,,,,,,,,,,"{""max_hv"": 0.3569150533218956, ""mean_hv"": 0.3354377929069271, ""min_hv"": 0.31566692856172335, ""runs"": [{""hv_violations"": 0, ""hypervolume"": 0.3569150533218956, ""n_feasible"": 16, ""seed"": 0, ""warmstart_hv_last"": 0.2889184724693858}, {""hv_violations"": 0, ""hypervolume"": 0.31566692856172335, ""n_feasible"": 16, ""seed"": 1, ""warmstart_hv_last"": 0.2956418509517601}, {""hv_violations"": 0, ""hypervolume"": 0.3337313968371623, ""n_feasible"": 16, ""seed"": 2, ""warmstart_hv_last"": 0.3108815665259879}], ""std_hv"": 0.01688264966798489}"
optimized_experiments,multiseed_safe695,,optimized_experiments/multiseed_safe695,optimized_experiments/multiseed_safe695/report.json,baseline_strict,False,3,0.33792270043798117,0.016770282398946845,,,,,,,,,,"{""max_hv"": 0.3601655209546283, ""mean_hv"": 0.33792270043798117, ""min_hv"": 0.3196734392266139, ""runs"": [{""hv_violations"": 0, ""hypervolume"": 0.3601655209546283, ""n_feasible"": 16, ""seed"": 0, ""warmstart_hv_last"": 0.25695321501410096}, {""hv_violations"": 0, ""hypervolume"": 0.3196734392266139, ""n_feasible"": 16, ""seed"": 1, ""warmstart_hv_last"": 0.2427666463387249}, {""hv_violations"": 0, ""hypervolume"": 0.33392914113270133, ""n_feasible"": 16, ""seed"": 2, ""warmstart_hv_last"": 0.24694079218304285}], ""std_hv"": 0.016770282398946845}"
optimized_experiments,multiseed_safe695,,optimized_experiments/multiseed_safe695,optimized_experiments/multiseed_safe695/report.json,warm3_safe695_focus,False,3,0.3531691114921076,0.006362040537768904,,,,,,,,,,"{""max_hv"": 0.36019472414649034, ""mean_hv"": 0.3531691114921076, ""min_hv"": 0.34478866561075294, ""runs"": [{""hv_violations"": 0, ""hypervolume"": 0.3545239447190796, ""n_feasible"": 16, ""seed"": 0, ""warmstart_hv_last"": 0.2869511976545483}, {""hv_violations"": 0, ""hypervolume"": 0.34478866561075294, ""n_feasible"": 16, ""seed"": 1, ""warmstart_hv_last"": 0.28856455696370314}, {""hv_violations"": 0, ""hypervolume"": 0.36019472414649034, ""n_feasible"": 16, ""seed"": 2, ""warmstart_hv_last"": 0.27984774215647584}], ""std_hv"": 0.006362040537768904}"
optimized_experiments,multiseed_warm6,,optimized_experiments/multiseed_warm6,optimized_experiments/multiseed_warm6/report.json,baseline_strict,False,3,0.33792270043798117,0.016770282398946845,,,,,,,,,,"{""max_hv"": 0.3601655209546283, ""mean_hv"": 0.33792270043798117, ""min_hv"": 0.3196734392266139, ""runs"": [{""hv_violations"": 0, ""hypervolume"": 0.3601655209546283, ""n_feasible"": 16, ""seed"": 0, ""warmstart_hv_last"": 0.25695321501410096}, {""hv_violations"": 0, ""hypervolume"": 0.3196734392266139, ""n_feasible"": 16, ""seed"": 1, ""warmstart_hv_last"": 0.2427666463387249}, {""hv_violations"": 0, ""hypervolume"": 0.33392914113270133, ""n_feasible"": 16, ""seed"": 2, ""warmstart_hv_last"": 0.24694079218304285}], ""std_hv"": 0.016770282398946845}"
optimized_experiments,multiseed_warm6,,optimized_experiments/multiseed_warm6,optimized_experiments/multiseed_warm6/report.json,warm6_only_safe65_temp0,False,3,0.3144617952834283,0.03409456652380618,,,,,,,,,,"{""max_hv"": 0.355863177274375, ""mean_hv"": 0.3144617952834283, ""min_hv"": 0.27235775462956846, ""runs"": [{""hv_violations"": 0, ""hypervolume"": 0.355863177274375, ""n_feasible"": 16, ""seed"": 0, ""warmstart_hv_last"": 0.23684213995639175}, {""hv_violations"": 0, ""hypervolume"": 0.31516445394634146, ""n_feasible"": 16, ""seed"": 1, ""warmstart_hv_last"": 0.23684213995639175}, {""hv_violations"": 0, ""hypervolume"": 0.27235775462956846, ""n_feasible"": 16, ""seed"": 2, ""warmstart_hv_last"": 0.23684213995639175}], ""std_hv"": 0.03409456652380618}"
optimized_experiments,optimized_experiments,,optimized_experiments,optimized_experiments/report.json,baseline_strict,False,0,,,,,,,,,,,,"{""config"": {""enable_gp_llm_coupling"": false, ""enable_iterative_guidance"": false, ""guidance_point_local_scale"": 0.55, ""lambda_decay_rate"": null, ""lambda_max"": null, ""llm_safe_dsoc_sum_max"": null}, ""hv_violations"": 0, ""hypervolume"": 0.3601655209546283, ""hypervolume_raw"": 10.5978884277628, ""last_guidance_note"": null, ""last_lambda"": null, ""n_feasible"": 16, ""n_total"": 16, ""pareto_size"": 13, ""warmstart_hv_last"": 0.25695321501410096}"
optimized_experiments,optimized_experiments,,optimized_experiments,optimized_experiments/report.json,fullcoupled_safe64_ultralight,False,0,,,,,,,,,,,,"{""config"": {""enable_gp_llm_coupling"": true, ""enable_iterative_guidance"": true, ""guidance_point_local_scale"": 0.45, ""lambda_decay_rate"": 0.5, ""lambda_max"": 0.2, ""llm_safe_dsoc_sum_max"": 0.64}, ""hv_violations"": 0, ""hypervolume"": 0.35381019681329273, ""hypervolume_raw"": 10.410882697748388, ""last_guidance_note"": """", ""last_lambda"": 0.2, ""n_feasible"": 16, ""n_total"": 16, ""pareto_size"": 11, ""warmstart_hv_last"": 0.2831337877647363}"
optimized_experiments,optimized_experiments,,optimized_experiments,optimized_experiments/report.json,fullcoupled_safe65_light,False,0,,,,,,,,,,,,"{""config"": {""enable_gp_llm_coupling"": true, ""enable_iterative_guidance"": true, ""guidance_point_local_scale"": 0.55, ""lambda_decay_rate"": 0.55, ""lambda_max"": 0.35, ""llm_safe_dsoc_sum_max"": 0.65}, ""hv_violations"": 0, ""hypervolume"": 0.33156151188958616, ""hypervolume_raw"": 9.756214033571636, ""last_guidance_note"": """", ""last_lambda"": 0.20107438420933488, ""n_feasible"": 16, ""n_total"": 16, ""pareto_size"": 11, ""warmstart_hv_last"": 0.28883043375426926}"
optimized_experiments,optimized_experiments,,optimized_experiments,optimized_experiments/report.json,guidance_no_coupling_safe65,False,0,,,,,,,,,,,,"{""config"": {""enable_gp_llm_coupling"": false, ""enable_iterative_guidance"": true, ""guidance_point_local_scale"": 0.55, ""lambda_decay_rate"": null, ""lambda_max"": null, ""llm_safe_dsoc_sum_max"": 0.65}, ""hv_violations"": 0, ""hypervolume"": 0.3417217549659154, ""hypervolume_raw"": 10.055179693128624, ""last_guidance_note"": """", ""last_lambda"": null, ""n_feasible"": 16, ""n_total"": 16, ""pareto_size"": 12, ""warmstart_hv_last"": 0.30014542281766826}"
optimized_experiments,optimized_experiments,,optimized_experiments,optimized_experiments/report.json,warmstart_only_safe64,False,0,,,,,,,,,,,,"{""config"": {""enable_gp_llm_coupling"": false, ""enable_iterative_guidance"": false, ""guidance_point_local_scale"": 0.55, ""lambda_decay_rate"": null, ""lambda_max"": null, ""llm_safe_dsoc_sum_max"": 0.64}, ""hv_violations"": 0, ""hypervolume"": 0.3183358489139041, ""hypervolume_raw"": 9.367048240499708, ""last_guidance_note"": null, ""last_lambda"": null, ""n_feasible"": 16, ""n_total"": 16, ""pareto_size"": 9, ""warmstart_hv_last"": 0.27961642305013784}"
optimized_experiments,optimized_experiments,,optimized_experiments,optimized_experiments/report.json,warmstart_only_safe65,False,0,,,,,,,,,,,,"{""config"": {""enable_gp_llm_coupling"": false, ""enable_iterative_guidance"": false, ""guidance_point_local_scale"": 0.55, ""lambda_decay_rate"": null, ""lambda_max"": null, ""llm_safe_dsoc_sum_max"": 0.65}, ""hv_violations"": 0, ""hypervolume"": 0.3724885239962909, ""hypervolume_raw"": 10.960493407229933, ""last_guidance_note"": null, ""last_lambda"": null, ""n_feasible"": 16, ""n_total"": 16, ""pareto_size"": 11, ""warmstart_hv_last"": 0.2844953314163697}"
optimized_experiments,ordinary_ei_comparison,,optimized_experiments/ordinary_ei_comparison,optimized_experiments/ordinary_ei_comparison/report.json,baseline_ei,False,3,0.33792270043798117,0.016770282398946845,,,0.24888688451195623,,,,,,,"{""max_hv"": 0.3601655209546283, ""mean_hv"": 0.33792270043798117, ""mean_init_hv"": 0.24888688451195623, ""min_hv"": 0.3196734392266139, ""runs"": [{""hv_violations"": 0, ""hypervolume"": 0.3601655209546283, ""n_feasible"": 16, ""seed"": 0, ""warmstart_hv_last"": 0.25695321501410096}, {""hv_violations"": 0, ""hypervolume"": 0.3196734392266139, ""n_feasible"": 16, ""seed"": 1, ""warmstart_hv_last"": 0.2427666463387249}, {""hv_violations"": 0, ""hypervolume"": 0.33392914113270133, ""n_feasible"": 16, ""seed"": 2, ""warmstart_hv_last"": 0.24694079218304285}], ""std_hv"": 0.016770282398946845}"
optimized_experiments,ordinary_ei_comparison,,optimized_experiments/ordinary_ei_comparison,optimized_experiments/ordinary_ei_comparison/report.json,warmstart_ei_fair,False,3,0.3515678275194051,0.010044401642667554,,,0.29580098999615045,,,,,,,"{""max_hv"": 0.3643065454389445, ""mean_hv"": 0.3515678275194051, ""mean_init_hv"": 0.29580098999615045, ""min_hv"": 0.3397552336883811, ""runs"": [{""hv_violations"": 0, ""hypervolume"": 0.3506417034308896, ""n_feasible"": 16, ""seed"": 0, ""warmstart_hv_last"": 0.2815889170890845}, {""hv_violations"": 0, ""hypervolume"": 0.3397552336883811, ""n_feasible"": 16, ""seed"": 1, ""warmstart_hv_last"": 0.31151124543642633}, {""hv_violations"": 0, ""hypervolume"": 0.3643065454389445, ""n_feasible"": 16, ""seed"": 2, ""warmstart_hv_last"": 0.2943028074629405}], ""std_hv"": 0.010044401642667554}"
optimized_experiments,ordinary_ei_comparison,,optimized_experiments/ordinary_ei_comparison,optimized_experiments/ordinary_ei_comparison/report.json,warmstart_ei_focused,False,3,0.3498346594333445,0.016618050055154005,,,0.2837015314720864,,,,,,,"{""max_hv"": 0.3631058337463633, ""mean_hv"": 0.3498346594333445, ""mean_init_hv"": 0.2837015314720864, ""min_hv"": 0.3264018602844089, ""runs"": [{""hv_violations"": 0, ""hypervolume"": 0.35999628426926145, ""n_feasible"": 16, ""seed"": 0, ""warmstart_hv_last"": 0.28529448190590284}, {""hv_violations"": 0, ""hypervolume"": 0.3264018602844089, ""n_feasible"": 16, ""seed"": 1, ""warmstart_hv_last"": 0.28946337643382236}, {""hv_violations"": 0, ""hypervolume"": 0.3631058337463633, ""n_feasible"": 16, ""seed"": 2, ""warmstart_hv_last"": 0.2763467360765339}], ""std_hv"": 0.016618050055154005}"
optimized_experiments,proposal_batch_v1,,optimized_experiments/proposal_batch_v1,optimized_experiments/proposal_batch_v1/report.json,baseline_ei,False,3,0.33792270043798117,0.016770282398946845,,,0.24888688451195623,,,,,,,"{""max_hv"": 0.3601655209546283, ""mean_hv"": 0.33792270043798117, ""mean_init_hv"": 0.24888688451195623, ""min_hv"": 0.3196734392266139, ""runs"": [{""candidate_source_counts"": {}, ""hv_violations"": 0, ""hypervolume"": 0.3601655209546283, ""last_lambda"": null, ""n_feasible"": 16, ""proposal_ready"": false, ""seed"": 0, ""warmstart_hv_last"": 0.25695321501410096}, {""candidate_source_counts"": {}, ""hv_violations"": 0, ""hypervolume"": 0.3196734392266139, ""last_lambda"": null, ""n_feasible"": 16, ""proposal_ready"": false, ""seed"": 1, ""warmstart_hv_last"": 0.2427666463387249}, {""candidate_source_counts"": {}, ""hv_violations"": 0, ""hypervolume"": 0.33392914113270133, ""last_lambda"": null, ""n_feasible"": 16, ""proposal_ready"": false, ""seed"": 2, ""warmstart_hv_last"": 0.24694079218304285}], ""std_hv"": 0.016770282398946845}"
optimized_experiments,proposal_batch_v1,,optimized_experiments/proposal_batch_v1,optimized_experiments/proposal_batch_v1/report.json,warmstart_guided_ei,False,3,0.3404200852015824,0.007361807296107874,,,0.2814680017472224,,,,,,,"{""max_hv"": 0.34898025864347015, ""mean_hv"": 0.3404200852015824, ""mean_init_hv"": 0.2814680017472224, ""min_hv"": 0.3310080511912424, ""runs"": [{""candidate_source_counts"": {""guidance"": 26, ""hotspot"": 5}, ""hv_violations"": 0, ""hypervolume"": 0.3310080511912424, ""last_lambda"": null, ""n_feasible"": 16, ""proposal_ready"": false, ""seed"": 0, ""warmstart_hv_last"": 0.28506862254299287}, {""candidate_source_counts"": {""guidance"": 26, ""hotspot"": 5}, ""hv_violations"": 0, ""hypervolume"": 0.3412719457700346, ""last_lambda"": null, ""n_feasible"": 16, ""proposal_ready"": false, ""seed"": 1, ""warmstart_hv_last"": 0.2839564737593664}, {""candidate_source_counts"": {""guidance"": 26, ""hotspot"": 5}, ""hv_violations"": 0, ""hypervolume"": 0.34898025864347015, ""last_lambda"": null, ""n_feasible"": 16, ""proposal_ready"": false, ""seed"": 2, ""warmstart_hv_last"": 0.275378908939308}], ""std_hv"": 0.007361807296107874}"
optimized_experiments,proposal_batch_v1,,optimized_experiments/proposal_batch_v1,optimized_experiments/proposal_batch_v1/report.json,warmstart_plain_ei,False,3,0.35632366382824515,0.00923580545058696,,,0.2859592334295344,,,,,,,"{""max_hv"": 0.36664175505007246, ""mean_hv"": 0.35632366382824515, ""mean_init_hv"": 0.2859592334295344, ""min_hv"": 0.3442289928933124, ""runs"": [{""candidate_source_counts"": {}, ""hv_violations"": 0, ""hypervolume"": 0.36664175505007246, ""last_lambda"": null, ""n_feasible"": 16, ""proposal_ready"": false, ""seed"": 0, ""warmstart_hv_last"": 0.2865332982137414}, {""candidate_source_counts"": {}, ""hv_violations"": 0, ""hypervolume"": 0.3442289928933124, ""last_lambda"": null, ""n_feasible"": 16, ""proposal_ready"": false, ""seed"": 1, ""warmstart_hv_last"": 0.2868232660863262}, {""candidate_source_counts"": {}, ""hv_violations"": 0, ""hypervolume"": 0.35810024354135067, ""last_lambda"": null, ""n_feasible"": 16, ""proposal_ready"": false, ""seed"": 2, ""warmstart_hv_last"": 0.2845211359885355}], ""std_hv"": 0.00923580545058696}"
optimized_experiments,proposal_batch_v1,,optimized_experiments/proposal_batch_v1,optimized_experiments/proposal_batch_v1/report.json,warmstart_proposal_ei,False,3,0.33640658723874783,0.008943183813946553,,,0.2829274741940115,,,,,,,"{""max_hv"": 0.3440475001254646, ""mean_hv"": 0.33640658723874783, ""mean_init_hv"": 0.2829274741940115, ""min_hv"": 0.32385783526944295, ""runs"": [{""candidate_source_counts"": {""proposal"": 24}, ""hv_violations"": 0, ""hypervolume"": 0.34131442632133596, ""last_lambda"": null, ""n_feasible"": 16, ""proposal_ready"": true, ""seed"": 0, ""warmstart_hv_last"": 0.2869348048347409}, {""candidate_source_counts"": {""proposal"": 24}, ""hv_violations"": 0, ""hypervolume"": 0.32385783526944295, ""last_lambda"": null, ""n_feasible"": 16, ""proposal_ready"": true, ""seed"": 1, ""warmstart_hv_last"": 0.2864086174613468}, {""candidate_source_counts"": {""proposal"": 24}, ""hv_violations"": 0, ""hypervolume"": 0.3440475001254646, ""last_lambda"": null, ""n_feasible"": 16, ""proposal_ready"": true, ""seed"": 2, ""warmstart_hv_last"": 0.27543900028594676}], ""std_hv"": 0.008943183813946553}"
optimized_experiments,proposal_batch_v1,,optimized_experiments/proposal_batch_v1,optimized_experiments/proposal_batch_v1/report.json,warmstart_proposal_guided_ei,False,3,0.34282888988027704,0.015198333988305264,,,0.28186325737604523,,,,,,,"{""max_hv"": 0.3629097270728239, ""mean_hv"": 0.34282888988027704, ""mean_init_hv"": 0.28186325737604523, ""min_hv"": 0.3261511512476536, ""runs"": [{""candidate_source_counts"": {""guidance"": 26, ""hotspot"": 5, ""proposal"": 24}, ""hv_violations"": 0, ""hypervolume"": 0.3629097270728239, ""last_lambda"": null, ""n_feasible"": 16, ""proposal_ready"": true, ""seed"": 0, ""warmstart_hv_last"": 0.284288802876133}, {""candidate_source_counts"": {""guidance"": 26, ""hotspot"": 5, ""proposal"": 24}, ""hv_violations"": 0, ""hypervolume"": 0.3261511512476536, ""last_lambda"": null, ""n_feasible"": 16, ""proposal_ready"": true, ""seed"": 1, ""warmstart_hv_last"": 0.28592206031269474}, {""candidate_source_counts"": {""guidance"": 26, ""hotspot"": 5, ""proposal"": 24}, ""hv_violations"": 0, ""hypervolume"": 0.3394257913203537, ""last_lambda"": null, ""n_feasible"": 16, ""proposal_ready"": true, ""seed"": 2, ""warmstart_hv_last"": 0.275378908939308}], ""std_hv"": 0.015198333988305264}"
optimized_experiments,search_soft_margin,,optimized_experiments/search_soft_margin,optimized_experiments/search_soft_margin/report.json,safe66,False,0,,,,,,,,,,,,"{""hv_violations"": 0, ""hypervolume"": 0.35009758762638093, ""n_feasible"": 16, ""warmstart_hv_last"": 0.2812292616483155}"
optimized_experiments,search_soft_margin,,optimized_experiments/search_soft_margin,optimized_experiments/search_soft_margin/report.json,safe67,False,0,,,,,,,,,,,,"{""hv_violations"": 0, ""hypervolume"": 0.3554096584542096, ""n_feasible"": 16, ""warmstart_hv_last"": 0.28416647995542205}"
optimized_experiments,search_soft_margin,,optimized_experiments/search_soft_margin,optimized_experiments/search_soft_margin/report.json,safe68,False,0,,,,,,,,,,,,"{""hv_violations"": 0, ""hypervolume"": 0.3583144423818548, ""n_feasible"": 16, ""warmstart_hv_last"": 0.29221644081821185}"
optimized_experiments,search_soft_margin2,,optimized_experiments/search_soft_margin2,optimized_experiments/search_soft_margin2/report.json,safe685,False,0,,,,,,,,,,,,"{""hv_violations"": 0, ""hypervolume"": 0.3630596764310498, ""n_feasible"": 16, ""warmstart_hv_last"": 0.2874643083997228}"
optimized_experiments,search_soft_margin2,,optimized_experiments/search_soft_margin2,optimized_experiments/search_soft_margin2/report.json,safe69,False,0,,,,,,,,,,,,"{""hv_violations"": 0, ""hypervolume"": 0.35999628426926145, ""n_feasible"": 16, ""warmstart_hv_last"": 0.28529448190590284}"
optimized_experiments,search_soft_margin2,,optimized_experiments/search_soft_margin2,optimized_experiments/search_soft_margin2/report.json,safe695,False,0,,,,,,,,,,,,"{""hv_violations"": 0, ""hypervolume"": 0.36819015379085485, ""n_feasible"": 16, ""warmstart_hv_last"": 0.2869348048347409}"
optimized_experiments,search_warmstart,,optimized_experiments/search_warmstart,optimized_experiments/search_warmstart/report.json,warm4_rand2_temp0,False,0,,,,,,,,,,,,"{""hv_violations"": 0, ""hypervolume"": 0.34941377930993867, ""n_feasible"": 16, ""warmstart_hv_last"": 0.28747910863507964}"
optimized_experiments,search_warmstart,,optimized_experiments/search_warmstart,optimized_experiments/search_warmstart/report.json,warm5_rand1_temp0,False,0,,,,,,,,,,,,"{""hv_violations"": 0, ""hypervolume"": 0.31583905212478136, ""n_feasible"": 16, ""warmstart_hv_last"": 0.30141861205027654}"
optimized_experiments,search_warmstart,,optimized_experiments/search_warmstart,optimized_experiments/search_warmstart/report.json,warm6_rand0_temp0,False,0,,,,,,,,,,,,"{""hv_violations"": 0, ""hypervolume"": 0.37252045248550736, ""n_feasible"": 16, ""warmstart_hv_last"": 0.27780133730874135}"
optimized_experiments,search_warmstart_batch,,optimized_experiments/search_warmstart_batch,optimized_experiments/search_warmstart_batch/report.json,w3r3_b3_a1_n1_t0,False,0,,,,,,,,,,,,"{""hv_violations"": 0, ""hypervolume"": 0.3596509384505988, ""n_feasible"": 16, ""warmstart_hv_last"": 0.284288802876133}"
optimized_experiments,search_warmstart_batch,,optimized_experiments/search_warmstart_batch,optimized_experiments/search_warmstart_batch/report.json,w3r3_b3_a1_n1_t02,False,0,,,,,,,,,,,,"{""hv_violations"": 0, ""hypervolume"": 0.35830002077686185, ""n_feasible"": 16, ""warmstart_hv_last"": 0.2842503905374169}"
optimized_experiments,search_warmstart_batch,,optimized_experiments/search_warmstart_batch,optimized_experiments/search_warmstart_batch/report.json,w3r3_b3_a2_n3_t02,False,0,,,,,,,,,,,,"{""hv_violations"": 0, ""hypervolume"": 0.332377122875829, ""n_feasible"": 16, ""warmstart_hv_last"": 0.28579319301931994}"
optimized_experiments,search_warmstart_batch,,optimized_experiments/search_warmstart_batch,optimized_experiments/search_warmstart_batch/report.json,w4r2_b4_a1_n1_t02,False,0,,,,,,,,,,,,"{""hv_violations"": 0, ""hypervolume"": 0.35606557760546187, ""n_feasible"": 16, ""warmstart_hv_last"": 0.29050066117417206}"
optimized_experiments,warmstart_prompt_v2_10iter,,optimized_experiments/warmstart_prompt_v2_10iter,optimized_experiments/warmstart_prompt_v2_10iter/report.json,baseline_strict,False,3,0.8507944469622316,0.04470934257326629,,,0.6222172112798906,,,,,,,"{""max_hv"": 0.9110443481480838, ""mean_hv"": 0.8507944469622316, ""mean_init_hv"": 0.6222172112798906, ""min_hv"": 0.8040607629642018, ""runs"": [{""candidate_source_counts"": {}, ""hv_violations"": 0, ""hypervolume"": 0.9110443481480838, ""n_feasible"": 26, ""seed"": 0, ""warmstart_hv_last"": 0.6423830375352524}, {""candidate_source_counts"": {}, ""hv_violations"": 0, ""hypervolume"": 0.8040607629642018, ""n_feasible"": 26, ""seed"": 1, ""warmstart_hv_last"": 0.6069166158468122}, {""candidate_source_counts"": {}, ""hv_violations"": 0, ""hypervolume"": 0.8372782297744091, ""n_feasible"": 26, ""seed"": 2, ""warmstart_hv_last"": 0.6173519804576071}], ""std_hv"": 0.04470934257326629}"
optimized_experiments,warmstart_prompt_v2_10iter,,optimized_experiments/warmstart_prompt_v2_10iter,optimized_experiments/warmstart_prompt_v2_10iter/report.json,warmstart_prompt_v2,False,3,0.8061547289280929,0.12719317871198854,,,0.6039892709423623,,,,,,,"{""max_hv"": 0.914228473430515, ""mean_hv"": 0.8061547289280929, ""mean_init_hv"": 0.6039892709423623, ""min_hv"": 0.627589922548797, ""runs"": [{""candidate_source_counts"": {}, ""hv_violations"": 0, ""hypervolume"": 0.914228473430515, ""n_feasible"": 26, ""seed"": 0, ""warmstart_hv_last"": 0.6991717182377312}, {""candidate_source_counts"": {}, ""hv_violations"": 0, ""hypervolume"": 0.8766457908049671, ""n_feasible"": 26, ""seed"": 1, ""warmstart_hv_last"": 0.5493230912610106}, {""candidate_source_counts"": {}, ""hv_violations"": 0, ""hypervolume"": 0.627589922548797, ""n_feasible"": 26, ""seed"": 2, ""warmstart_hv_last"": 0.5634730033283453}], ""std_hv"": 0.12719317871198854}"
optimized_experiments,warmstart_prompt_v2_llmei_seed1_10iter,,optimized_experiments/warmstart_prompt_v2_llmei_seed1_10iter,optimized_experiments/warmstart_prompt_v2_llmei_seed1_10iter/report.json,warmstart_llmei_const,False,0,,,,,,,,,,,,"{""hypervolume"": 0.8855346355088928, ""hypervolume_raw"": 10.422760336601005, ""init_hv"": 0.5493230912610106, ""pareto_size"": 13, ""rerank_telemetry_count"": 20}"
optimized_experiments,warmstart_prompt_v2_llmei_seed1_10iter,,optimized_experiments/warmstart_prompt_v2_llmei_seed1_10iter,optimized_experiments/warmstart_prompt_v2_llmei_seed1_10iter/report.json,warmstart_llmei_online,False,0,,,,,,,,,,,,"{""hypervolume"": 0.6854854816166731, ""hypervolume_raw"": 8.068177801994455, ""init_hv"": 0.5493230912610106, ""pareto_size"": 13, ""rerank_telemetry_count"": 20}"
optimized_experiments,warmstart_prompt_v2_llmei_seed1_10iter,,optimized_experiments/warmstart_prompt_v2_llmei_seed1_10iter,optimized_experiments/warmstart_prompt_v2_llmei_seed1_10iter/report.json,warmstart_plain,False,0,,,,,,,,,,,,"{""hypervolume"": 0.8766457908049671, ""hypervolume_raw"": 10.318138457000508, ""init_hv"": 0.5493230912610106, ""pareto_size"": 13}"
optimized_experiments,weight_aware_coupling_v1,,optimized_experiments/weight_aware_coupling_v1,optimized_experiments/weight_aware_coupling_v1/report.json,historical_reference,False,0,,,,,,,,,,,,"{""warmstart_old_gp_coupling"": {""max_hv"": 0.37476283621188217, ""mean_hv"": 0.3615500186192042, ""mean_init_hv"": 0.2839474721967155, ""min_hv"": 0.3471004221214275, ""runs"": [{""acq_prior_active"": false, ""candidate_source_counts"": {""guidance"": 26, ""hotspot"": 5}, ""hv_violations"": 0, ""hypervolume"": 0.36785814377747983, ""last_lambda"": 1.0, ""n_feasible"": 22, ""proposal_ready"": false, ""seed"": 0, ""warmstart_hv_last"": 0.2738571652983004}, {""acq_prior_active"": false, ""candidate_source_counts"": {""guidance"": 26, ""hotspot"": 5}, ""hv_violations"": 0, ""hypervolume"": 0.3471004221214275, ""last_lambda"": 1.0, ""n_feasible"": 22, ""proposal_ready"": false, ""seed"": 1, ""warmstart_hv_last"": 0.28625024602704247}, {""acq_prior_active"": false, ""candidate_source_counts"": {""guidance"": 26, ""hotspot"": 5}, ""hv_violations"": 0, ""hypervolume"": 0.3531546558804766, ""last_lambda"": 1.0, ""n_feasible"": 22, ""proposal_ready"": false, ""seed"": 2, ""warmstart_hv_last"": 0.28140525667262006}, {""acq_prior_active"": false, ""candidate_source_counts"": {""guidance"": 26, ""hotspot"": 5}, ""hv_violations"": 0, ""hypervolume"": 0.3648740351047549, ""last_lambda"": 1.0, ""n_feasible"": 22, ""proposal_ready"": false, ""seed"": 3, ""warmstart_hv_last"": 0.2911838047542184}, {""acq_prior_active"": false, ""candidate_source_counts"": {""guidance"": 26, ""hotspot"": 5}, ""hv_violations"": 0, ""hypervolume"": 0.37476283621188217, ""last_lambda"": 1.0, ""n_feasible"": 22, ""proposal_ready"": false, ""seed"": 4, ""warmstart_hv_last"": 0.28704088823139634}], ""std_hv"": 0.01004682070915411}, ""warmstart_plain_ei"": {""max_hv"": 0.3737170527466645, ""mean_hv"": 0.36438878743279146, ""mean_init_hv"": 0.2860552101567088, ""min_hv"": 0.3513426951352065, ""runs"": [{""acq_prior_active"": false, ""candidate_source_counts"": {}, ""hv_violations"": 0, ""hypervolume"": 0.3680246590199265, ""last_lambda"": null, ""n_feasible"": 22, ""proposal_ready"": false, ""seed"": 0, ""warmstart_hv_last"": 0.2765000838971011}, {""acq_prior_active"": false, ""candidate_source_counts"": {}, ""hv_violations"": 0, ""hypervolume"": 0.35995748271223016, ""last_lambda"": null, ""n_feasible"": 22, ""proposal_ready"": false, ""seed"": 1, ""warmstart_hv_last"": 0.28625024602704247}, {""acq_prior_active"": false, ""candidate_source_counts"": {}, ""hv_violations"": 0, ""hypervolume"": 0.3513426951352065, ""last_lambda"": null, ""n_feasible"": 22, ""proposal_ready"": false, ""seed"": 2, ""warmstart_hv_last"": 0.28653567503758154}, {""acq_prior_active"": false, ""candidate_source_counts"": {}, ""hv_violations"": 0, ""hypervolume"": 0.3737170527466645, ""last_lambda"": null, ""n_feasible"": 22, ""proposal_ready"": false, ""seed"": 3, ""warmstart_hv_last"": 0.29654452928203495}, {""acq_prior_active"": false, ""candidate_source_counts"": {}, ""hv_violations"": 0, ""hypervolume"": 0.3689020475499297, ""last_lambda"": null, ""n_feasible"": 22, ""proposal_ready"": false, ""seed"": 4, ""warmstart_hv_last"": 0.284445516539784}], ""std_hv"": 0.007879626877113766}}"
optimized_experiments,weight_aware_coupling_v1,,optimized_experiments/weight_aware_coupling_v1,optimized_experiments/weight_aware_coupling_v1/report.json,warmstart_plain_ei_current,False,5,0.3666222923994093,0.005269110437522008,,,0.28481735780109535,,,,,,,"{""max_hv"": 0.37553799484636147, ""mean_hv"": 0.3666222923994093, ""mean_init_hv"": 0.28481735780109535, ""min_hv"": 0.3602192909760166, ""runs"": [{""acq_prior_active"": false, ""align_score"": null, ""candidate_source_counts"": {}, ""history_score"": null, ""hv_score"": null, ""hv_violations"": 0, ""hypervolume"": 0.3680246590199265, ""last_effective_lambda"": null, ""last_gate"": null, ""last_lambda"": null, ""n_feasible"": 22, ""proposal_ready"": false, ""seed"": 0, ""stage_score"": null, ""warmstart_hv_last"": 0.2765000838971011}, {""acq_prior_active"": false, ""align_score"": null, ""candidate_source_counts"": {}, ""history_score"": null, ""hv_score"": null, ""hv_violations"": 0, ""hypervolume"": 0.36257922061364667, ""last_effective_lambda"": null, ""last_gate"": null, ""last_lambda"": null, ""n_feasible"": 22, ""proposal_ready"": false, ""seed"": 1, ""stage_score"": null, ""warmstart_hv_last"": 0.28360774937603417}, {""acq_prior_active"": false, ""align_score"": null, ""candidate_source_counts"": {}, ""history_score"": null, ""hv_score"": null, ""hv_violations"": 0, ""hypervolume"": 0.3602192909760166, ""last_effective_lambda"": null, ""last_gate"": null, ""last_lambda"": null, ""n_feasible"": 22, ""proposal_ready"": false, ""seed"": 2, ""stage_score"": null, ""warmstart_hv_last"": 0.28389866822681975}, {""acq_prior_active"": false, ""align_score"": null, ""candidate_source_counts"": {}, ""history_score"": null, ""hv_score"": null, ""hv_violations"": 0, ""hypervolume"": 0.36675029654109514, ""last_effective_lambda"": null, ""last_gate"": null, ""last_lambda"": null, ""n_feasible"": 22, ""proposal_ready"": false, ""seed"": 3, ""stage_score"": null, ""warmstart_hv_last"": 0.2930393992741253}, {""acq_prior_active"": false, ""align_score"": null, ""candidate_source_counts"": {}, ""history_score"": null, ""hv_score"": null, ""hv_violations"": 0, ""hypervolume"": 0.37553799484636147, ""last_effective_lambda"": null, ""last_gate"": null, ""last_lambda"": null, ""n_feasible"": 22, ""proposal_ready"": false, ""seed"": 4, ""stage_score"": null, ""warmstart_hv_last"": 0.28704088823139634}], ""std_hv"": 0.005269110437522008}"
optimized_experiments,weight_aware_coupling_v1,,optimized_experiments/weight_aware_coupling_v1,optimized_experiments/weight_aware_coupling_v1/report.json,warmstart_weight_aware_gated_coupling,False,5,0.36340899524347664,0.008539021477185799,,,0.2852987671211608,,,,,,,"{""max_hv"": 0.37300756212331276, ""mean_hv"": 0.36340899524347664, ""mean_init_hv"": 0.2852987671211608, ""min_hv"": 0.348229083677859, ""runs"": [{""acq_prior_active"": false, ""align_score"": 0.2482469039791306, ""candidate_source_counts"": {""guidance"": 26, ""hotspot"": 5}, ""history_score"": 0.75, ""hv_score"": 0.55, ""hv_violations"": 0, ""hypervolume"": 0.3616006971504333, ""last_effective_lambda"": 0.04416079690316253, ""last_gate"": 0.04416079690316253, ""last_lambda"": 1.0, ""n_feasible"": 22, ""proposal_ready"": false, ""seed"": 0, ""stage_score"": 0.43124999999999997, ""warmstart_hv_last"": 0.2765000838971011}, {""acq_prior_active"": false, ""align_score"": 0.28109671678860343, ""candidate_source_counts"": {""guidance"": 26, ""hotspot"": 5}, ""history_score"": 1.0, ""hv_score"": 0.9500000000000001, ""hv_violations"": 0, ""hypervolume"": 0.3694953522755169, ""last_effective_lambda"": 0.11516181115933095, ""last_gate"": 0.11516181115933095, ""last_lambda"": 1.0, ""n_feasible"": 22, ""proposal_ready"": false, ""seed"": 1, ""stage_score"": 0.43124999999999997, ""warmstart_hv_last"": 0.28625024602704247}, {""acq_prior_active"": false, ""align_score"": 0.3147350663024141, ""candidate_source_counts"": {""guidance"": 26, ""hotspot"": 5}, ""history_score"": 1.0, ""hv_score"": 0.55, ""hv_violations"": 0, ""hypervolume"": 0.348229083677859, ""last_effective_lambda"": 0.07465122353860384, ""last_gate"": 0.07465122353860384, ""last_lambda"": 1.0, ""n_feasible"": 22, ""proposal_ready"": false, ""seed"": 2, ""stage_score"": 0.43124999999999997, ""warmstart_hv_last"": 0.2871691062961593}, {""acq_prior_active"": false, ""align_score"": 0.20200301780411362, ""candidate_source_counts"": {""guidance"": 26, ""hotspot"": 5}, ""history_score"": 0.75, ""hv_score"": 0.55, ""hv_violations"": 0, ""hypervolume"": 0.3647122809902613, ""last_effective_lambda"": 0.035934443089059895, ""last_gate"": 0.035934443089059895, ""last_lambda"": 1.0, ""n_feasible"": 22, ""proposal_ready"": false, ""seed"": 3, ""stage_score"": 0.43124999999999997, ""warmstart_hv_last"": 0.28953351115410475}, {""acq_prior_active"": false, ""align_score"": 0.17714088959015223, ""candidate_source_counts"": {""guidance"": 26, ""hotspot"": 5}, ""history_score"": 1.0, ""hv_score"": 0.55, ""hv_violations"": 0, ""hypervolume"": 0.37300756212331276, ""last_effective_lambda"": 0.04201560474966423, ""last_gate"": 0.04201560474966423, ""last_lambda"": 1.0, ""n_feasible"": 22, ""proposal_ready"": false, ""seed"": 4, ""stage_score"": 0.43124999999999997, ""warmstart_hv_last"": 0.28704088823139634}], ""std_hv"": 0.008539021477185799}"
