eval_index,hv
1,0.1526783725658599
2,0.15313368978735606
3,0.2190607291989599
4,0.22578959555503153
5,0.23821260976162206
6,0.24152801203885763
7,0.25417279812879345
8,0.2542501793281869
9,0.25698315780155045
10,0.25698315780155045
11,0.25698315780155045
12,0.25698315780155045
13,0.25794981957152674
14,0.25794981957152674
15,0.25794981957152674
16,0.25794981957152674
17,0.25861705921491246
18,0.25905967750205283
19,0.25905967750205283
20,0.25908212458984575
21,0.25908212458984575
22,0.25908212458984575
23,0.25908212458984575
24,0.25908212458984575
25,0.25908212458984575
26,0.2874936677942058
27,0.2877666836667948
28,0.28776786581942876
29,0.2879039892699804
30,0.28791556899369497
31,0.28791880032888406
32,0.28792027857454316
33,0.2881775141407085
34,0.28820706183655637
35,0.28820706183655637
36,0.28820706183655637
37,0.28821388176069673
38,0.28855664353261584
39,0.2893013604514624
40,0.2893013604514624
41,0.2893013604514624
42,0.2893013604514624
43,0.2893013604514624
44,0.2893013604514624
45,0.2893013604514624
46,0.2893013604514624
47,0.2897611089164052
48,0.28976803700631687
49,0.2898588689942498
50,0.2898611185976372
51,0.28986752175002445
52,0.28986962604517275
53,0.28986962604517275
54,0.28986971819587287
55,0.28986971819587287
56,0.28986971819587287
