eval_index,parego_hv,parego_plot_band,parego_lower,parego_upper,llambo_mo_hv,llambo_mo_plot_band,llambo_mo_lower,llambo_mo_upper,nsga2_mean_hv,nsga2_std_hv,nsga2_lower,nsga2_upper,disk_mean_hv,disk_std_hv,disk_lower,disk_upper,pimd_mean_hv,pimd_std_hv,pimd_lower,pimd_upper
1,0.13064659220586083,0.011948843542420005,0.11869774866344082,0.14259543574828085,0.17682514530040797,0.005097911562734345,0.17172723373767362,0.1819230568631423,0.18677183343231135,0.03194794747280579,0.15482388595950555,0.21871978090511715,0.14292983117063554,0.03898556195704757,0.10394426921358797,0.18191539312768312,0.14292983117063554,0.03898556195704757,0.10394426921358797,0.18191539312768312
2,0.20200383923848106,0.011948843542420005,0.19005499569606105,0.21395268278090107,0.17770525924100095,0.0061284579711919016,0.17157680126980904,0.18383371721219285,0.21983055845776872,0.03260851773126302,0.1872220407265057,0.2524390761890317,0.17584415663733619,0.0175256416451417,0.1583185149921945,0.19336979828247788,0.17584415663733619,0.0175256416451417,0.1583185149921945,0.19336979828247788
3,0.2259754433896838,0.011948843542420005,0.2140265998472638,0.23792428693210382,0.1921974159124473,0.009134296824096033,0.18306311908835127,0.20133171273654332,0.25454440917524923,0.040561930914379006,0.21398247826087022,0.2951063400896282,0.2060605047504916,0.009532974827502854,0.19652752992298875,0.21559347957799443,0.2060605047504916,0.009532974827502854,0.19652752992298875,0.21559347957799443
4,0.22849320727413885,0.011948843542420005,0.21654436373171884,0.24044205081655887,0.19294651636840404,0.00955990220247366,0.18338661416593038,0.2025064185708777,0.25912172282005336,0.039672592223287936,0.2194491305967654,0.2987943150433413,0.21985481740226404,0.012891466051899912,0.20696335135036412,0.23274628345416395,0.21985481740226404,0.012891466051899912,0.20696335135036412,0.23274628345416395
5,0.23273133351425362,0.011948843542420005,0.2207824899718336,0.24468017705667364,0.21225698754292277,0.010068775550781346,0.20218821199214143,0.2223257630937041,0.2741745470107765,0.029989419932825445,0.24418512707795104,0.3041639669436019,0.23094557563741525,0.023750945578433633,0.20719463005898162,0.2546965212158489,0.23094557563741525,0.023750945578433633,0.20719463005898162,0.2546965212158489
6,0.23273133351425362,0.011948843542420005,0.2207824899718336,0.24468017705667364,0.22622665470554748,0.010068775550781346,0.21615787915476614,0.23629543025632882,0.29155359341837245,0.027905700629756433,0.263647892788616,0.3194592940481289,0.23332709010543687,0.024511127172635934,0.20881596293280094,0.2578382172780728,0.23332709010543687,0.024511127172635934,0.20881596293280094,0.2578382172780728
7,0.2341035473453987,0.011948843542420005,0.2221547038029787,0.24605239088781872,0.26344098216474604,0.010068775550781346,0.2533722066139647,0.2735097577155274,0.2938429622352059,0.027530839651953392,0.2663121225832525,0.3213738018871593,0.2391129757872946,0.02747053661969696,0.21164243916759765,0.2665835124069916,0.2391129757872946,0.02747053661969696,0.21164243916759765,0.2665835124069916
8,0.23934052432543218,0.011948843542420005,0.22739168078301217,0.25128936786785216,0.26400015159416995,0.010068775550781346,0.2539313760433886,0.2740689271449513,0.29523791597082194,0.029033030821977248,0.2662048851488447,0.32427094679279916,0.24444933636126026,0.02925938749425016,0.2151899488670101,0.2737087238555104,0.24444933636126026,0.02925938749425016,0.2151899488670101,0.2737087238555104
9,0.23934052432543218,0.010626684816184201,0.22871383950924798,0.24996720914161638,0.3133406512792755,0.010068775550781346,0.3032718757284942,0.32340942683005686,0.2977885824124149,0.029946075757039652,0.26784250665537523,0.3277346581694546,0.25124296093445553,0.025779348520277977,0.22546361241417756,0.2770223094547335,0.25124296093445553,0.025779348520277977,0.22546361241417756,0.2770223094547335
10,0.23934052432543218,0.011948843542420005,0.22739168078301217,0.25128936786785216,0.32341835011871595,0.010068775550781346,0.3133495745679346,0.3334871256694973,0.29956615683032545,0.029777991403103637,0.26978816542722184,0.32934414823342906,0.2566879082824949,0.018121905161137437,0.23856600312135745,0.2748098134436323,0.2566879082824949,0.018121905161137437,0.23856600312135745,0.2748098134436323
11,0.23934052432543218,0.011948843542420005,0.22739168078301217,0.25128936786785216,0.32342696390607323,0.010068775550781346,0.3133581883552919,0.33349573945685457,0.30295643954072027,0.026379047087852065,0.2765773924528682,0.3293354866285723,0.2568816232199993,0.01791485613458041,0.2389667670854189,0.27479647935457974,0.2568816232199993,0.01791485613458041,0.2389667670854189,0.27479647935457974
12,0.23940117321125892,0.011948843542420005,0.2274523296688389,0.2513500167536789,0.32342696390607323,0.010068775550781346,0.3133581883552919,0.33349573945685457,0.3032887851369579,0.026368631158605188,0.2769201539783527,0.3296574162955631,0.2589428940049513,0.016432323406588057,0.24251057059836323,0.27537521741153936,0.2589428940049513,0.016432323406588057,0.24251057059836323,0.27537521741153936
13,0.2408393746103708,0.011948843542420005,0.2288905310679508,0.2527882181527908,0.32342696390607323,0.010068775550781346,0.3133581883552919,0.33349573945685457,0.3032887851369579,0.026368631158605188,0.2769201539783527,0.3296574162955631,0.259598268773413,0.016128755989876408,0.24346951278353662,0.2757270247632894,0.259598268773413,0.016128755989876408,0.24346951278353662,0.2757270247632894
14,0.2887952402457427,0.011267137967961216,0.2775281022777815,0.3000623782137039,0.325527510992196,0.010068775550781346,0.3154587354414147,0.33559628654297735,0.3032887851369579,0.026368631158605188,0.2769201539783527,0.3296574162955631,0.26020404518321616,0.016032484073440892,0.24417156110977528,0.27623652925665704,0.26020404518321616,0.016032484073440892,0.24417156110977528,0.27623652925665704
15,0.28989468960503656,0.00977514900748215,0.2801195405975544,0.2996698386125187,0.32684914577688506,0.010068775550781346,0.3167803702261037,0.3369179213276664,0.3032887851369579,0.026368631158605188,0.2769201539783527,0.3296574162955631,0.26670729496931656,0.016791852500826685,0.24991544246848987,0.28349914747014326,0.26670729496931656,0.016791852500826685,0.24991544246848987,0.28349914747014326
16,0.2899114401056976,0.009879860288685993,0.2800315798170116,0.29979130039438356,0.32690705545448456,0.010068775550781346,0.3168382799037032,0.3369758310052659,0.3032887851369579,0.026368631158605188,0.2769201539783527,0.3296574162955631,0.2670943350599869,0.016924680122465664,0.25016965493752125,0.2840190151824526,0.2670943350599869,0.016924680122465664,0.25016965493752125,0.2840190151824526
17,0.2918004231127961,0.008289962829123943,0.28351046028367216,0.30009038594192,0.32692086559501027,0.009898185013442326,0.31702268058156796,0.3368190506084526,0.3032887851369579,0.026368631158605188,0.2769201539783527,0.3296574162955631,0.2672745763534798,0.016861567888806044,0.25041300846467374,0.28413614424228584,0.2672745763534798,0.016861567888806044,0.25041300846467374,0.28413614424228584
18,0.29200899314342327,0.009408791536664927,0.28260020160675836,0.3014177846800882,0.3338580686842498,0.010035084770135356,0.3238229839141144,0.34389315345438515,0.3032887851369579,0.026368631158605188,0.2769201539783527,0.3296574162955631,0.2717465336421972,0.02101255380146323,0.250733979840734,0.2927590874436604,0.2717465336421972,0.02101255380146323,0.250733979840734,0.2927590874436604
19,0.29202700535786164,0.007694656257295199,0.28433234910056643,0.29972166161515684,0.35006370876402565,0.010048740247084648,0.340014968516941,0.3601124490111103,0.3032887851369579,0.026368631158605188,0.2769201539783527,0.3296574162955631,0.27179691204321277,0.021073658364195145,0.2507232536790176,0.29287057040740794,0.27179691204321277,0.021073658364195145,0.2507232536790176,0.29287057040740794
20,0.29263875180877685,0.005519518659343046,0.28711923314943383,0.2981582704681199,0.35006370876402565,0.006695841443030939,0.3433678673209947,0.3567595502070566,0.3032887851369579,0.026368631158605188,0.2769201539783527,0.3296574162955631,0.2770641672210026,0.024557989265356055,0.2525061779556465,0.30162215648635865,0.2770641672210026,0.024557989265356055,0.2525061779556465,0.30162215648635865
21,0.29353034722474103,0.007510865382267418,0.2860194818424736,0.30104121260700845,0.35006370876402565,0.006506560710343841,0.3435571480536818,0.3565702694743695,0.3033016375254225,0.026359528460127648,0.2769421090652949,0.3296611659855501,0.27775794341189797,0.02510635063812309,0.25265159277377486,0.3028642940500211,0.2770641672210026,0.024557989265356055,0.2525061779556465,0.30162215648635865
22,0.29423405298957067,0.008195896728913316,0.2860381562606574,0.30242994971848397,0.35008568091884307,0.006667648758773654,0.3434180321600694,0.35675332967761675,0.3033016375254225,0.026359528460127648,0.2769421090652949,0.3296611659855501,0.2786835134311032,0.02599546447123924,0.25268804895986396,0.30467897790234244,0.2770641672210026,0.024557989265356055,0.2525061779556465,0.30162215648635865
23,0.2958288086539292,0.008317729395975878,0.28751107925795333,0.30414653804990505,0.35009010921646183,0.00339184452153495,0.34669826469492687,0.3534819537379968,0.30344387168315673,0.026260260541280035,0.2771836111418767,0.3297041322244368,0.29747048323264885,0.025737787030054665,0.2717326962025942,0.3232082702627035,0.2770641672210026,0.024557989265356055,0.2525061779556465,0.30162215648635865
24,0.2958288086539292,0.007767985742757383,0.2880608229111718,0.3035967943966866,0.35009469937827453,0.0026535507198119914,0.34744114865846254,0.3527482500980865,0.30405110924729073,0.025867379236905935,0.27818373001038477,0.3299184884841967,0.2978434604127809,0.025365338702611435,0.2724781217101695,0.32320879911539235,0.2770641672210026,0.024557989265356055,0.2525061779556465,0.30162215648635865
25,0.296818103423187,0.007722554308770903,0.2890955491144161,0.3045406577319579,0.35070847412969874,0.0026922094186368237,0.3480162647110619,0.3534006835483356,0.30431330479231206,0.02571361946994891,0.2785996853223631,0.330026924262261,0.29857697237728925,0.025691027671661967,0.27288594470562727,0.32426800004895123,0.2770641672210026,0.024557989265356055,0.2525061779556465,0.30162215648635865
26,0.2991685611357067,0.0078020828504750395,0.29136647828523166,0.3069706439861818,0.3507108577937088,0.0025380679491156855,0.3481727898445931,0.3532489257428245,0.30431330479231206,0.02571361946994891,0.2785996853223631,0.330026924262261,0.2987716184617285,0.025722743776498486,0.27304887468523004,0.324494362238227,0.2831097051446562,0.02295043515729706,0.26015926998735917,0.3060601403019533
27,0.29916900473539276,0.006835012081452142,0.2923339926539406,0.3060040168168449,0.3507108577937088,0.0024163292896086193,0.3482945285041002,0.3531271870833174,0.30434237632338634,0.02569717337880558,0.2786452029445808,0.3300395497021919,0.30003935152304545,0.025084350197725824,0.27495500132531964,0.32512370172077126,0.28743098176926785,0.023747891352397174,0.26368309041687066,0.31117887312166503
28,0.299470889439808,0.006777126517268276,0.29269376292253974,0.30624801595707624,0.3507257805578844,0.0022243695182682264,0.3485014110396162,0.3529501500761526,0.30437335825708123,0.025679779863953596,0.27869357839312764,0.3300531381210348,0.30014383675673784,0.025116475864457817,0.27502736089228,0.32526031262119565,0.2875109398779265,0.02379678294285324,0.2637141569350732,0.31130772282077973
29,0.32249104912175924,0.00740360148145253,0.3150874476403067,0.32989465060321177,0.37420323508197934,0.0024314856296009575,0.3717717494523784,0.3766347207115803,0.30437335825708123,0.025679779863953596,0.27869357839312764,0.3300531381210348,0.30022692026165193,0.025133781501921342,0.27509313875973057,0.3253607017635733,0.2877146656759924,0.02397034910388034,0.26374431657211206,0.31168501477987276
30,0.32318794319710553,0.005362984658137353,0.3178249585389682,0.32855092785524287,0.37425865072614156,0.0026836614714951454,0.37157498925464644,0.3769423121976367,0.3046948839543372,0.02629014939257398,0.27840473456176323,0.33098503334691115,0.3003027393437532,0.025147291963835635,0.27515544737991754,0.3254500313075888,0.2878811197534039,0.02389738744707848,0.26398373230632544,0.3117785072004824
31,0.3233020455328716,0.004522482870013615,0.318779562662858,0.32782452840288523,0.3758247942861073,0.0023786578824131583,0.3734461364036942,0.37820345216852047,0.3050426167132124,0.026293537661778218,0.2787490790514342,0.33133615437499064,0.30048005232857466,0.02537240352875097,0.2751076487998237,0.32585245585732564,0.2880772938752928,0.024041588111812767,0.26403570576348,0.3121188819871056
32,0.3237959877389869,0.00448403510058656,0.31931195263840034,0.3282800228395734,0.3758247942861073,0.0026478722204139483,0.37317692206569336,0.3784726665065213,0.31158849834910296,0.02553965958896563,0.2860488387601373,0.3371281579380686,0.3006902574072653,0.025481420560162484,0.2752088368471028,0.3261716779674278,0.2880902480541596,0.02402636126820399,0.2640638867859556,0.3121166093223636
33,0.3238014229911173,0.00448403510058656,0.31931738789053077,0.32828545809170384,0.3777344870566522,0.0025203335739616716,0.3752141534826905,0.3802548206306139,0.3118882515726641,0.02555552347942964,0.28633272809323446,0.3374437750520937,0.30096061757627196,0.025596294234021984,0.27536432334225,0.32655691181029395,0.28829819570081766,0.024104193168058133,0.26419400253275954,0.3124023888688758
34,0.32380912805963563,0.00448403510058656,0.3193250929590491,0.32829316316022217,0.37775846385927764,0.002087792142394885,0.37567067171688273,0.37984625600167254,0.312371907089882,0.025737921774396714,0.2866339853154853,0.3381098288642787,0.30096574913105456,0.025596789942522388,0.27536895918853216,0.32656253907357696,0.2895237158404048,0.02463653990740245,0.2648871759330024,0.31416025574780726
35,0.3239569192090442,0.00448403510058656,0.31947288410845764,0.3284409543096307,0.3779686729139592,0.002085462607283001,0.3758832103066762,0.3800541355212422,0.31295178444347665,0.025788372822660444,0.2871634116208162,0.3387401572661371,0.30098715838255585,0.025567305835294055,0.2754198525472618,0.3265544642178499,0.2896110912346856,0.0247219186684413,0.2648891725662443,0.3143330099031269
36,0.32543572537623405,0.00448403510058656,0.3209516902756475,0.3299197604768206,0.3779686729139592,0.0019255972659348731,0.3760430756480243,0.3798942701798941,0.3175493514347652,0.024178529630967126,0.2933708218037981,0.3417278810657323,0.3012727741295476,0.02589258040695282,0.2753801937225948,0.3271653545365004,0.28991544101775735,0.024847393950890116,0.2650680470668672,0.3147628349686475
37,0.3255480407786221,0.00448403510058656,0.32106400567803556,0.33003207587920863,0.3779686729139592,0.0019458287552449518,0.37602284415871423,0.37991450166920415,0.31788794208613197,0.02429087754616856,0.2935970645399634,0.3421788196323005,0.3015260759276795,0.026037338872320268,0.2754887370553592,0.3275634147999998,0.28998307514513133,0.024880608155498685,0.26510246698963263,0.31486368330063
38,0.32613512774612474,0.00448403510058656,0.3216510926455382,0.3306191628467113,0.37798793160154764,0.0017364945782497134,0.37625143702329794,0.37972442617979735,0.3184500369283854,0.023839924068931352,0.29461011285945404,0.3422899609973168,0.30651500344517535,0.02501299454418137,0.28150200890099397,0.3315279979893567,0.29035049175212635,0.024754885190474783,0.26559560656165154,0.31510537694260116
39,0.328354818859256,0.00448403510058656,0.32387078375866946,0.33283885395984253,0.37798793160154764,0.0014974454109252986,0.37649048619062236,0.3794853770124729,0.31852129645514066,0.023812429135248867,0.29470886731989177,0.34233372559038955,0.30670475259739927,0.025081542491075366,0.2816232101063239,0.3317862950884746,0.2905519869149715,0.02476801764920977,0.26578396926576175,0.3153200045641813
40,0.3286053633010998,0.00448403510058656,0.32412132820051326,0.33308939840168633,0.37799083947097123,0.0016219864073909536,0.37636885306358026,0.3796128258783622,0.3185447404948434,0.023818172278726544,0.2947265682161168,0.34236291277356995,0.3068038191953277,0.025135551360776814,0.28166826783455085,0.3319393705561045,0.2905551911323499,0.024769406596841594,0.26578578453550833,0.31532459772919147
41,0.3298949244312551,0.00448403510058656,0.3254108893306686,0.33437895953184166,0.37799083947097123,0.0012202664010990017,0.3767705730698722,0.37921110587207024,0.31857066787089877,0.023802704321133832,0.2947679635497649,0.3423733721920326,0.3068038191953277,0.025135551360776814,0.28166826783455085,0.3319393705561045,0.2905551911323499,0.024769406596841594,0.26578578453550833,0.31532459772919147
42,0.3301341983331245,0.00448403510058656,0.325650163232538,0.33461823343371105,0.37808161113915273,0.0012202664010990017,0.3768613447380537,0.37930187754025174,0.31919113330831717,0.02308987394558732,0.29610125936272985,0.3422810072539045,0.3068038191953277,0.025135551360776814,0.28166826783455085,0.3319393705561045,0.2905551911323499,0.024769406596841594,0.26578578453550833,0.31532459772919147
43,0.3302611711432462,0.004740011833458462,0.32552115930978776,0.33500118297670467,0.37808532183935883,0.0012202664010990017,0.3768650554382598,0.37930558824045785,0.3196018747679893,0.02310824571103106,0.29649362905695825,0.34271012047902033,0.3068038191953277,0.025135551360776814,0.28166826783455085,0.3319393705561045,0.2905551911323499,0.024769406596841594,0.26578578453550833,0.31532459772919147
44,0.3302657104119901,0.00475766227692237,0.32550804813506773,0.33502337268891247,0.37808532183935883,0.0012202664010990017,0.3768650554382598,0.37930558824045785,0.3225060055276138,0.02386066381613371,0.2986453417114801,0.34636666934374755,0.3068038191953277,0.025135551360776814,0.28166826783455085,0.3319393705561045,0.2905551911323499,0.024769406596841594,0.26578578453550833,0.31532459772919147
45,0.33037380908209063,0.004518212690691282,0.3258555963913993,0.33489202177278193,0.37808532183935883,0.001266702286718859,0.37681861955263996,0.3793520241260777,0.32494344202041414,0.02130658954151225,0.3036368524789019,0.3462500315619264,0.3068038191953277,0.025135551360776814,0.28166826783455085,0.3319393705561045,0.2905551911323499,0.024769406596841594,0.26578578453550833,0.31532459772919147
46,0.330377323567593,0.0045447516029828725,0.3258325719646101,0.3349220751705759,0.37808532183935883,0.0012464446869840558,0.3768388771523748,0.3793317665263429,0.3252404907164118,0.02154157671897952,0.3036989139974323,0.3467820674353913,0.3068038191953277,0.025135551360776814,0.28166826783455085,0.3319393705561045,0.29084051883934103,0.024618466447883524,0.2662220523914575,0.31545898528722455
47,0.3304755371660995,0.0045485264604904615,0.32592701070560903,0.33502406362659,0.378177900702542,0.0012472090202703386,0.37693069168227167,0.3794251097228123,0.32552398692947965,0.02172716420683656,0.3037968227226431,0.3472511511363162,0.3068038191953277,0.025135551360776814,0.28166826783455085,0.3319393705561045,0.29093255184483935,0.02461343920033294,0.2663191126445064,0.3155459910451723
48,0.3322799189828971,0.00448403510058656,0.32779588388231057,0.33676395408348364,0.378177900702542,0.001250523465924908,0.37692737723661707,0.3794284241684669,0.32589929626668085,0.021881937949318916,0.30401735831736193,0.34778123421599977,0.3068038191953277,0.025135551360776814,0.28166826783455085,0.3319393705561045,0.29105434417234244,0.024576812253634478,0.26647753191870793,0.31563115642597694
49,0.3324127057311285,0.006636136488929911,0.3257765692421986,0.33904884222005843,0.3782234568848038,0.0012202664010990017,0.3770031904837048,0.3794437232859028,0.32594232038637455,0.021838208254429045,0.3041041121319455,0.3477805286408036,0.3068038191953277,0.025135551360776814,0.28166826783455085,0.3319393705561045,0.29107818760742193,0.024567429288245422,0.26651075831917653,0.31564561689566734
50,0.33338018852511414,0.006620131650761802,0.32676005687435233,0.34000032017587595,0.3782235854965766,0.0012202664010990017,0.3770033190954776,0.3794438518976756,0.325957033336184,0.021824247708287607,0.30413278562789636,0.3477812810444716,0.3068038191953277,0.025135551360776814,0.28166826783455085,0.3319393705561045,0.29128690547023905,0.024641925816044886,0.26664497965419415,0.31592883128628396
51,0.33457889494447357,0.008043740062000482,0.3265351548824731,0.34262263500647405,0.3782235854965766,0.0012202664010990017,0.3770033190954776,0.3794438518976756,0.3260509223689888,0.02172188963615026,0.30432903273283857,0.34777281200513904,0.3070552370201037,0.025018485164762263,0.28203675185534144,0.3320737221848659,0.29402784923655084,0.019605190152482233,0.2744226590840686,0.3136330393890331
52,0.3347468197943903,0.007050095627601841,0.32769672416678847,0.34179691542199214,0.3782235854965766,0.0012202664010990017,0.3770033190954776,0.3794438518976756,0.3260531599916522,0.021721866356580112,0.30433129363507205,0.3477750263482323,0.3074178769608391,0.025458193540117295,0.2819596834207218,0.3328760705009564,0.2940679596632987,0.01954457130110694,0.27452338836219176,0.3136125309644056
53,0.3348246003981556,0.007178797770880029,0.32764580262727555,0.34200339816903563,0.3782235854965766,0.0012202664010990017,0.3770033190954776,0.3794438518976756,0.32611142940281324,0.02174634318627706,0.3043650862165362,0.3478577725890903,0.3074650684879533,0.02550090502161388,0.2819641634663394,0.3329659735095672,0.2940681382469975,0.019544657967220578,0.2745234802797769,0.3136127962142181
54,0.33904102737465563,0.007294201877931051,0.3317468254967246,0.3463352292525867,0.37822592116031545,0.0012202664010990017,0.37700565475921644,0.37944618756141446,0.32623987822921074,0.021956524728512932,0.3042833535006978,0.3481964029577237,0.3074672786463084,0.025501795002283653,0.28196548364402474,0.3329690736485921,0.29408127254574756,0.01955049664678275,0.2745307758989648,0.31363176919253033
55,0.3522809031930328,0.007388522976355766,0.344892380216677,0.3596694261693886,0.3783058446254424,0.0012202664010990017,0.3770855782243434,0.37952611102654144,0.3263128817367479,0.022044092585093013,0.3042687891516549,0.3483569743218409,0.30757849045435004,0.025641222019707494,0.28193726843464256,0.3332197124740575,0.2940899416156032,0.019538115939763536,0.2745518256758397,0.3136280575553667
56,0.3523110937014429,0.00751970042296482,0.3447913932784781,0.35983079412440777,0.38482555920297173,0.0012202664010990017,0.3836052928018727,0.38604582560407075,0.32651977703347534,0.02203487991624898,0.30448489711722637,0.3485546569497243,0.30846575630037015,0.02672665631231668,0.28173909998805347,0.33519241261268684,0.29410674148779614,0.019543442927426158,0.27456329856037,0.3136501844152223
